{"hyper_parameters": {"batch_size": 512, "hidden_dim": 128, "step_size": 0.0001, "evaluation_samples": 1024, "rounds": 20000, "K": 1, "dataset_name": "cifar10", "cuda_core": 0}, "loss_log": [1346.404052734375, 974.4864501953125, 498.830078125, 357.19146728515625, 590.12744140625, 376.0603332519531, 426.6783447265625, 402.6110534667969, 340.9891662597656, 373.0233459472656, 314.93353271484375, 334.2532958984375, 289.54315185546875, 359.9327392578125, 277.49755859375, 277.9010009765625, 266.5941467285156, 295.3108215332031, 222.76657104492188, 232.54156494140625, 288.04986572265625, 241.48194885253906, 249.04248046875, 175.87098693847656, 229.93304443359375, 230.36553955078125, 294.1188049316406, 181.19107055664062, 182.3841552734375, 173.4412841796875, 196.2865753173828, 168.2200469970703, 198.9723663330078, 162.76011657714844, 205.54946899414062, 191.6144256591797, 154.82498168945312, 181.75137329101562, 155.01266479492188, 184.4534912109375, 151.398193359375, 165.96511840820312, 153.55316162109375, 148.80307006835938, 115.42570495605469, 162.58152770996094, 162.59608459472656, 154.05935668945312, 139.50830078125, 142.88958740234375, 154.86582946777344]}