{"hyper_parameters": {"batch_size": 512, "hidden_dim": 128, "step_size": 0.0001, "evaluation_samples": 1024, "rounds": 30000, "K": 1, "dataset_name": "mnist", "cuda_core": 0}, "loss_log": [1823.873046875, 682.4053344726562, 253.04483032226562, 192.87753295898438, 275.1318664550781, 144.17868041992188, 92.17659759521484, 159.58184814453125, 58.320926666259766, 36.60662841796875, 29.322498321533203, 51.0064697265625, 35.00062942504883, 45.76312255859375, 51.938453674316406, 35.44727325439453, 42.105770111083984, 19.40638542175293, 27.21337890625, 15.586634635925293, 14.872442245483398, 24.093589782714844, 15.175236701965332, 15.716543197631836, 12.843629837036133, 13.358318328857422, 13.908525466918945, 14.470780372619629, 13.213205337524414, 11.253759384155273, 12.306791305541992, 13.051748275756836, 11.9199857711792, 13.510932922363281, 16.91085433959961, 12.559900283813477, 14.125396728515625, 10.985427856445312, 10.24435806274414, 10.272747039794922, 10.276065826416016, 9.7584867477417, 9.915647506713867, 9.607732772827148, 11.63070011138916, 9.882157325744629, 8.712518692016602, 9.469191551208496, 8.82576847076416, 9.278818130493164, 8.351070404052734, 8.944173812866211, 7.283201217651367, 7.1796746253967285, 8.223464965820312, 8.010040283203125, 8.931692123413086, 7.6068315505981445, 8.180105209350586, 7.542395114898682, 7.022076606750488, 14.475692749023438, 10.530291557312012, 8.655306816101074, 9.429010391235352, 7.952873706817627, 7.821133613586426, 7.7862772941589355, 7.803187847137451, 6.8866119384765625, 11.99038314819336, 8.212327003479004, 7.767175197601318, 8.127161026000977, 8.594208717346191, 20.006345748901367, 9.649374961853027, 9.251941680908203, 9.273999214172363, 8.822336196899414, 9.087413787841797, 7.7761735916137695, 8.558228492736816, 8.604339599609375, 7.916174411773682, 8.018275260925293, 9.004799842834473, 7.60813045501709, 13.714822769165039, 13.646843910217285, 9.659719467163086, 8.09671401977539, 7.544907569885254, 7.648868083953857, 7.497591972351074, 8.160937309265137, 9.108593940734863, 7.606303691864014, 9.187491416931152, 7.7691569328308105, 9.198149681091309, 8.891146659851074, 8.482398986816406, 7.617194652557373, 9.066827774047852, 8.099752426147461, 8.04045581817627, 7.937981128692627, 7.036472320556641, 7.806606769561768, 13.136937141418457, 37.01350402832031, 12.656891822814941, 7.701723098754883, 8.611448287963867, 8.109349250793457, 7.4996657371521, 7.46736478805542, 7.972237586975098, 7.989712715148926, 7.782144069671631, 7.919677734375, 7.581682205200195, 8.430503845214844, 7.545608043670654, 7.983264923095703, 14.64649772644043, 19.24816131591797, 12.001194953918457, 10.145005226135254, 12.068208694458008, 9.527751922607422, 9.021760940551758, 8.484291076660156, 8.330948829650879, 8.560264587402344, 7.278827667236328, 8.146281242370605, 7.9536542892456055, 7.446646213531494, 8.169530868530273, 7.270204544067383, 7.837261199951172, 7.69267463684082, 7.973873138427734, 8.80229663848877, 8.000475883483887, 8.182899475097656, 8.195404052734375, 8.368646621704102, 7.821994781494141]}