{"hyper_parameters": {"batch_size": 512, "hidden_dim": 128, "step_size": 0.0001, "evaluation_samples": 256, "rounds": 50000, "K": 3, "dataset_name": "svhn", "cuda_core": 2}, "loss_log": [1621.74462890625, 785.1743774414062, 552.5772705078125, 780.749755859375, 606.9533081054688, 521.1241455078125, 330.1892395019531, 318.21917724609375, 380.52520751953125, 347.1865234375, 334.80926513671875, 340.83941650390625, 263.2832336425781, 252.5821075439453, 253.10617065429688, 229.11497497558594, 265.2689514160156, 211.1775665283203, 231.5146942138672, 224.09445190429688, 246.15548706054688, 232.51568603515625, 217.411865234375, 157.38076782226562, 205.68544006347656, 171.62428283691406, 167.2704620361328, 148.76129150390625, 175.49095153808594, 175.86083984375, 152.61465454101562, 151.75473022460938, 163.5354461669922, 138.44808959960938, 148.383544921875, 125.26560974121094, 133.38522338867188, 120.77454376220703, 116.07476806640625, 151.16102600097656, 166.55667114257812, 129.78082275390625, 125.85919952392578, 120.44770812988281, 118.32902526855469, 129.28173828125, 113.99657440185547, 133.13519287109375, 113.21963500976562, 113.8670883178711, 102.36753845214844, 128.61422729492188, 133.27456665039062, 111.38214874267578, 128.33657836914062, 123.50448608398438, 131.51806640625, 146.45758056640625, 155.77481079101562, 154.19131469726562, 114.3089828491211, 141.00167846679688, 113.06050109863281, 121.4266357421875, 122.48606872558594, 125.56585693359375, 149.81344604492188, 119.78457641601562, 127.5264663696289, 115.36339569091797, 109.59127044677734, 103.74354553222656, 163.22714233398438, 105.25524139404297, 108.74919128417969, 134.3765869140625, 129.5835418701172, 163.88116455078125, 120.98267364501953, 136.62355041503906, 126.89238739013672, 174.0264129638672, 118.94352722167969, 137.1127166748047, 128.97927856445312, 94.37232971191406, 134.8411407470703, 191.8519287109375, 114.96272277832031, 98.56507110595703, 135.00958251953125, 154.47476196289062, 127.863037109375, 187.74624633789062, 102.59323120117188, 159.08224487304688, 141.09078979492188, 117.09640502929688, 174.24266052246094, 125.17539978027344, 128.67752075195312, 111.27510070800781, 117.92044067382812, 103.03045654296875, 104.3868637084961, 183.0589599609375, 106.67277526855469, 103.67237091064453, 130.3347930908203, 113.66444396972656, 201.68182373046875, 227.4293212890625, 149.9904022216797, 132.94456481933594, 130.31982421875, 149.4608917236328, 143.63467407226562, 160.92738342285156, 136.4687042236328, 157.35549926757812, 161.72698974609375, 154.63339233398438, 111.73824310302734, 186.20220947265625, 172.12359619140625, 134.5287628173828, 99.07611083984375, 133.7146453857422, 265.4000549316406, 106.86866760253906, 210.18643188476562, 118.07569122314453, 163.50726318359375, 92.60247802734375, 147.96792602539062, 208.48072814941406, 116.93435668945312, 190.86126708984375, 230.78399658203125, 86.85576629638672, 187.4459228515625, 225.01268005371094, 125.81147766113281, 166.915771484375, 255.0757293701172, 170.18612670898438, 254.63645935058594, 185.4486083984375, 153.15301513671875, 131.01718139648438, 260.1735534667969, 117.46159362792969, 113.93148803710938, 131.707275390625, 187.57199096679688, 121.03817749023438, 132.0396270751953, 148.62774658203125, 168.36141967773438, 144.77053833007812, 108.5327377319336, 121.23423767089844, 126.33014678955078, 243.24880981445312, 165.20599365234375, 229.35804748535156, 203.16213989257812, 119.97390747070312, 134.8953094482422, 182.57421875, 136.36500549316406, 148.67791748046875, 93.33287048339844, 275.833984375, 228.44862365722656, 163.1788330078125, 202.38555908203125, 136.26217651367188, 237.26339721679688, 210.44515991210938, 121.45451354980469, 183.02880859375, 167.82351684570312, 238.08700561523438, 258.81878662109375, 115.87093353271484, 179.3665313720703, 101.26121520996094, 158.46942138671875, 96.20231628417969, 213.90701293945312, 120.65036010742188, 271.0647277832031, 161.24862670898438, 98.99796295166016, 249.99111938476562, 198.0968017578125, 144.12191772460938, 186.7008056640625, 181.66058349609375, 183.83465576171875, 190.10165405273438, 200.36898803710938, 223.14349365234375, 199.37814331054688, 177.26190185546875, 101.9477767944336, 120.76863098144531, 118.74934387207031, 143.97515869140625, 185.09274291992188, 210.44635009765625, 148.02296447753906, 183.64468383789062, 191.91030883789062, 261.6458740234375, 253.71908569335938, 294.8785400390625, 213.64920043945312, 204.5570526123047, 98.12149047851562, 147.85006713867188, 246.1636962890625, 114.59861755371094, 232.17138671875, 299.6138916015625, 151.7728271484375, 229.19647216796875, 150.82420349121094, 204.6753692626953, 209.63241577148438, 234.42587280273438, 250.5979766845703, 135.3964080810547, 252.86520385742188, 198.50816345214844, 220.14732360839844, 160.240478515625, 232.4456787109375, 184.14047241210938, 164.16738891601562, 147.8564910888672, 309.08441162109375, 218.01315307617188, 206.9759979248047, 222.34375, 283.3543701171875, 226.41949462890625, 215.7151641845703, 287.6495361328125, 118.92838287353516]}