{"hyper_parameters": {"batch_size": 512, "hidden_dim": 128, "step_size": 0.0001, "evaluation_samples": 256, "rounds": 50000, "K": 5, "dataset_name": "svhn", "cuda_core": 3}, "loss_log": [1658.53662109375, 722.3445434570312, 717.846923828125, 675.3734741210938, 425.92279052734375, 612.964599609375, 411.01385498046875, 394.5521240234375, 342.7967224121094, 355.4406433105469, 365.50244140625, 223.56809997558594, 320.55584716796875, 260.77069091796875, 238.88729858398438, 249.7180633544922, 241.72940063476562, 252.00650024414062, 268.2115478515625, 232.93844604492188, 238.1847686767578, 248.30792236328125, 161.31494140625, 223.13699340820312, 204.14749145507812, 206.96392822265625, 135.8918914794922, 138.1042938232422, 155.38381958007812, 127.97471618652344, 137.6025848388672, 141.0540008544922, 142.2810821533203, 123.98258972167969, 135.4302520751953, 143.13218688964844, 138.3358917236328, 129.62933349609375, 115.45185852050781, 111.85307312011719, 150.36526489257812, 118.06945037841797, 145.93472290039062, 104.96800231933594, 215.01052856445312, 172.47824096679688, 103.9968490600586, 107.02654266357422, 108.35623931884766, 118.91197204589844, 141.50546264648438, 112.64775848388672, 99.28165435791016, 144.15982055664062, 118.21207427978516, 123.8623046875, 115.41053771972656, 104.57238006591797, 112.63313293457031, 108.59523010253906, 111.87088012695312, 112.09429931640625, 121.26216888427734, 110.50535583496094, 134.61216735839844, 96.85832214355469, 98.04812622070312, 96.8000259399414, 94.39991760253906, 100.8805160522461, 164.20608520507812, 109.096923828125, 129.3174591064453, 119.59739685058594, 128.78619384765625, 102.98389434814453, 101.24433898925781, 148.9353790283203, 196.0186767578125, 138.2926788330078, 97.97012329101562, 116.37312316894531, 106.34996032714844, 107.88443756103516, 104.68972778320312, 100.98662567138672, 105.56014251708984, 100.4361572265625, 105.43814086914062, 110.58367919921875, 126.50255584716797, 129.88885498046875, 105.15513610839844, 95.87393188476562, 107.7945556640625, 120.77922058105469, 104.7131118774414, 118.44636535644531, 111.55389404296875, 125.63578033447266, 91.28302764892578, 105.84899139404297, 109.3497085571289, 103.2916259765625, 131.58595275878906, 107.41241455078125, 119.39630889892578, 115.57748413085938, 124.82106018066406, 128.25967407226562, 98.81973266601562, 84.8263931274414, 93.77693939208984, 88.98114013671875, 83.55316925048828, 116.63821411132812, 126.93278503417969, 96.1940689086914, 89.58523559570312, 283.76885986328125, 88.40817260742188, 161.59043884277344, 93.95451354980469, 106.08958435058594, 144.5835418701172, 107.05794525146484, 115.4583740234375, 120.86848449707031, 103.74171447753906, 132.66346740722656, 127.61537170410156, 130.4766387939453, 160.64144897460938, 107.85397338867188, 100.71493530273438, 93.35423278808594, 144.7937774658203, 114.40696716308594, 112.79289245605469, 93.93405151367188, 134.29330444335938, 246.48634338378906, 137.60618591308594, 135.79730224609375, 109.97904968261719, 162.75927734375, 120.15629577636719, 131.30441284179688, 98.31632232666016, 124.96994018554688, 122.14981079101562, 137.97796630859375, 128.31686401367188, 148.68016052246094, 131.82528686523438, 120.31294250488281, 156.22006225585938, 101.25518798828125, 128.24148559570312, 117.30009460449219, 172.22198486328125, 108.8934555053711, 156.6153564453125, 166.23239135742188, 137.69940185546875, 114.7493896484375, 94.30005645751953, 131.09075927734375, 197.9265594482422, 180.52159118652344, 139.33212280273438, 136.81341552734375, 128.8678741455078, 146.53668212890625, 137.65960693359375, 86.41999816894531, 162.14715576171875, 96.4326171875, 144.92037963867188, 115.773193359375, 138.38427734375, 154.5802001953125, 155.50355529785156, 146.88168334960938, 199.69647216796875, 118.17514038085938, 148.4116973876953, 126.2572021484375, 111.52029418945312, 128.50326538085938, 134.27423095703125, 148.6104736328125, 160.01220703125, 219.72335815429688, 153.70701599121094, 151.28614807128906, 180.2760009765625, 151.38145446777344, 142.1088104248047, 205.2025909423828, 133.4342041015625, 113.9073257446289, 110.44823455810547, 181.81314086914062, 110.57453918457031, 202.89340209960938, 177.9038543701172, 108.70325469970703, 121.1433334350586, 159.07400512695312, 114.62907409667969, 194.35943603515625, 168.6272430419922, 181.0526123046875, 187.95062255859375, 198.87872314453125, 126.83396911621094, 178.44073486328125, 216.53311157226562, 166.18136596679688, 228.5776824951172, 216.38002014160156, 199.6981201171875, 212.21624755859375, 145.88137817382812, 150.8675537109375, 174.48635864257812, 151.55661010742188, 143.39280700683594, 235.42529296875, 129.64341735839844, 159.65113830566406, 178.01348876953125, 176.49154663085938, 171.5875244140625, 185.8067626953125, 143.12603759765625, 188.059814453125, 222.1066131591797, 199.7642059326172, 134.214599609375, 194.633544921875, 136.48550415039062, 211.5242156982422, 182.4554443359375, 164.0729522705078, 250.54104614257812, 141.92117309570312, 135.76255798339844, 174.48281860351562, 223.34690856933594]}