{"hyper_parameters": {"batch_size": 512, "hidden_dim": 128, "step_size": 0.0001, "evaluation_samples": 1024, "rounds": 30000, "K": 5, "dataset_name": "mnist", "cuda_core": 3}, "loss_log": [1823.459228515625, 150.35531616210938, 53.642295837402344, 41.5426025390625, 35.652435302734375, 23.372417449951172, 21.706756591796875, 17.340036392211914, 24.759695053100586, 16.29237937927246, 14.076173782348633, 14.288779258728027, 19.493133544921875, 17.372026443481445, 16.628864288330078, 18.398826599121094, 15.629439353942871, 16.117408752441406, 24.804256439208984, 15.4977445602417, 14.507732391357422, 17.523521423339844, 16.293071746826172, 16.507293701171875, 19.69687271118164, 22.862110137939453, 14.636969566345215, 19.5255126953125, 11.730440139770508, 21.15835952758789, 14.245223999023438, 18.13582992553711, 18.091585159301758, 15.839126586914062, 25.517744064331055, 19.94259262084961, 14.380464553833008, 19.811676025390625, 21.54357147216797, 13.980300903320312, 28.606124877929688, 26.287670135498047, 25.77057456970215, 20.98973846435547, 19.757261276245117, 22.357994079589844, 19.165910720825195, 15.70599365234375, 18.550460815429688, 27.87579917907715, 13.859515190124512, 19.354799270629883, 21.95440101623535, 19.28544807434082, 15.625622749328613, 18.700809478759766, 14.162211418151855, 20.300960540771484, 18.580659866333008, 13.630070686340332, 20.593036651611328, 18.609798431396484, 13.467449188232422, 18.332536697387695, 17.006921768188477, 14.089508056640625, 15.860610008239746, 17.92057991027832, 14.616524696350098, 17.380186080932617, 25.902912139892578, 23.984378814697266, 13.856511116027832, 17.447813034057617, 16.1470947265625, 13.532176971435547, 18.231229782104492, 20.543237686157227, 17.683298110961914, 17.742673873901367, 10.55233383178711, 14.835127830505371, 16.78323745727539, 16.168214797973633, 15.545062065124512, 17.1170654296875, 15.447542190551758, 18.136735916137695, 25.757488250732422, 22.039432525634766, 17.34245491027832, 14.54723072052002, 18.707666397094727, 18.45757293701172, 16.93617057800293, 13.482507705688477, 15.299874305725098, 18.145959854125977, 16.04319190979004, 14.104219436645508, 17.952251434326172, 16.308401107788086, 18.054630279541016, 15.266592979431152, 24.500507354736328, 24.4322509765625, 20.902807235717773, 20.989681243896484, 16.563213348388672, 18.636394500732422, 16.897602081298828, 14.473767280578613, 15.451111793518066, 15.921834945678711, 17.805639266967773, 26.712905883789062, 26.137800216674805, 20.698837280273438, 18.183034896850586, 16.322683334350586, 13.425975799560547, 11.609549522399902, 20.670822143554688, 22.67393684387207, 21.660606384277344, 21.44000244140625, 18.974136352539062, 22.021133422851562, 24.802509307861328, 19.377695083618164, 18.347797393798828, 18.66805648803711, 20.202533721923828, 20.396930694580078, 18.257888793945312, 17.537839889526367, 14.802867889404297, 21.14472770690918, 17.806928634643555, 22.490102767944336, 19.478179931640625, 25.43522834777832, 18.002687454223633, 22.276138305664062, 23.933351516723633, 24.111286163330078, 23.44516944885254, 24.295379638671875, 27.294031143188477, 22.40463638305664, 20.78151512145996]}