{"hyper_parameters": {"batch_size": 512, "hidden_dim": 128, "step_size": 0.001, "evaluation_samples": 1024, "rounds": 30000, "K": 2, "dataset_name": "mnist", "cuda_core": 0}, "loss_log": [1812.4091796875, 1400.5433349609375, 1405.8828125, 1399.1279296875, 1394.82275390625, 1404.84033203125, 1336.163330078125, 1327.5252685546875, 1333.6962890625, 1336.54052734375, 1343.118896484375, 1331.6103515625, 1350.1666259765625, 1338.0093994140625, 1327.32568359375, 1337.7381591796875, 1327.17578125, 1339.7003173828125, 1326.9561767578125, 1340.58642578125, 1340.9423828125, 1331.19921875, 1338.42919921875, 1343.453125, 1328.940673828125, 1337.021728515625, 1341.7763671875, 1340.2452392578125, 1330.9984130859375, 1338.0615234375, 1342.6900634765625, 1339.338623046875, 1333.989501953125, 1338.711181640625, 1334.55859375, 1334.82080078125, 1343.1181640625, 1331.1270751953125, 1336.7750244140625, 1336.14013671875, 1336.65185546875, 1326.794189453125, 1331.30517578125, 1342.866455078125, 1076.53173828125, 1065.635009765625, 1062.377685546875, 1062.0738525390625, 1064.985107421875, 1063.312255859375, 1057.21484375, 1050.5166015625, 1059.0343017578125, 1055.692138671875, 1066.43896484375, 1072.43505859375, 1056.6357421875, 1060.234619140625, 1058.6575927734375, 1056.9444580078125, 1048.7930908203125, 1057.9835205078125, 1067.60498046875, 1056.0975341796875, 1047.6484375, 1072.4990234375, 1061.6898193359375, 1063.6470947265625, 1071.8846435546875, 1062.03564453125, 1068.74365234375, 1063.529541015625, 1075.5018310546875, 1065.26171875, 1072.62060546875, 1060.5509033203125, 1062.48779296875, 1068.4072265625, 1055.888671875, 1058.841064453125, 1063.888916015625, 1060.5159912109375, 1054.7142333984375, 1055.837890625, 1072.515380859375, 1078.3011474609375, 1056.4268798828125, 1070.5635986328125, 1053.03369140625, 1068.8946533203125, 1054.89599609375, 1061.498779296875, 1057.676513671875, 1057.863525390625, 1066.0064697265625, 1068.2550048828125, 1065.405517578125, 1063.1513671875, 1065.3990478515625, 1055.555908203125, 1053.660400390625, 1048.8853759765625, 1054.2098388671875, 1056.7757568359375, 1066.52001953125, 1060.57568359375, 1057.4486083984375, 1070.18701171875, 1056.0634765625, 1058.7677001953125, 1068.7813720703125, 1058.061279296875, 1067.527587890625, 1050.2158203125, 1064.827880859375, 1073.821044921875, 1060.636962890625, 1047.289794921875, 1069.627197265625, 1061.1805419921875, 1055.0928955078125, 1050.1585693359375, 1062.960693359375, 1065.263671875, 1057.5106201171875, 1063.348388671875, 1068.5390625, 1049.358154296875, 1063.381103515625, 1060.908935546875, 1065.7261962890625, 1067.519287109375, 1062.58251953125, 1058.476318359375, 1062.6781005859375, 1075.378173828125, 1077.5899658203125, 1050.2376708984375, 1067.54638671875, 1055.21240234375, 1073.027099609375, 1061.3248291015625, 1059.77001953125, 1064.623779296875, 1050.2998046875, 1055.710693359375, 1061.94091796875, 1061.262939453125, 1065.780517578125, 1072.15380859375, 1062.2720947265625]}