{"hyper_parameters": {"batch_size": 512, "hidden_dim": 128, "step_size": 0.001, "evaluation_samples": 1024, "rounds": 30000, "K": 5, "dataset_name": "mnist", "cuda_core": 2}, "loss_log": [1973.818359375, 2131.398193359375, 2128.53515625, 2130.302490234375, 2137.804931640625, 2133.45703125, 2133.787353515625, 2124.955322265625, 2129.917236328125, 2129.0859375, 2136.92333984375, 2136.098876953125, 2140.5947265625, 2121.166015625, 2126.005859375, 2123.0107421875, 2130.930908203125, 2140.883544921875, 2133.52880859375, 2135.0078125, 2132.618896484375, 2138.40673828125, 2131.17529296875, 2134.479248046875, 2124.68896484375, 2144.263671875, 2132.974853515625, 2119.0693359375, 2139.88037109375, 2134.470947265625, 2125.1455078125, 2133.02294921875, 2129.806396484375, 2130.89404296875, 2117.5263671875, 2135.318359375, 2126.39599609375, 2142.860595703125, 2133.22216796875, 2124.43310546875, 2112.1923828125, 2128.947998046875, 2122.12939453125, 2121.0380859375, 2139.27099609375, 2114.24560546875, 2133.805419921875, 2127.112060546875, 2144.8916015625, 2133.54931640625, 2145.87060546875, 2132.76171875, 2134.22119140625, 2132.1337890625, 2136.245849609375, 2119.930908203125, 2134.85595703125, 2113.887939453125, 2124.43896484375, 2124.1103515625, 2132.59716796875, 2134.23193359375, 2139.513427734375, 2123.438720703125, 2129.6318359375, 2135.996337890625, 2131.524169921875, 2129.39794921875, 2126.21875, 2129.68505859375, 2119.395751953125, 2137.505859375, 2125.385986328125, 2124.31396484375, 2140.81640625, 2129.41943359375, 2126.66357421875, 2129.32470703125, 2128.1279296875, 2135.71728515625, 2130.421142578125, 2141.123046875, 2127.666259765625, 2114.7734375, 2126.997314453125, 2145.71923828125, 2134.650390625, 2136.24462890625, 2116.3212890625, 2128.394287109375, 2136.942626953125, 2114.9287109375, 2124.53955078125, 2126.36669921875, 2135.734619140625, 2122.96923828125, 2130.32568359375, 2125.837158203125, 2129.1708984375, 2130.501220703125, 2125.1259765625, 2117.97998046875, 2124.94091796875, 2114.482666015625, 2117.041259765625, 2131.83642578125, 2120.35546875, 2134.023681640625, 2132.506103515625, 2131.63720703125, 2138.94091796875, 2135.015625, 2120.25439453125, 2144.83203125, 2120.25634765625, 2124.720458984375, 2127.6494140625, 2120.33251953125, 2121.86328125, 2130.033203125, 2128.185546875, 2137.941650390625, 2128.3212890625, 2139.905029296875, 2130.749755859375, 2130.78857421875, 2117.042724609375, 2122.853271484375, 2132.277099609375, 2124.68310546875, 2132.371826171875, 2131.0419921875, 2134.24365234375, 2131.8203125, 2127.515625, 2118.77978515625, 2128.784912109375, 2124.004150390625, 2115.6552734375, 2141.597900390625, 2125.64453125, 2133.851318359375, 2125.47607421875, 2141.30810546875, 2144.035888671875, 2140.367431640625, 2131.508544921875, 2128.932373046875, 2132.36376953125, 2123.794677734375, 2126.3271484375]}