{"hyper_parameters": {"batch_size": 512, "hidden_dim": 128, "step_size": 0.0001, "evaluation_samples": 1024, "rounds": 20000, "K": 3, "dataset_name": "cifar10", "cuda_core": 2}, "loss_log": [1608.916748046875, 527.595947265625, 380.68170166015625, 397.83050537109375, 333.276611328125, 312.362060546875, 244.38571166992188, 258.1617126464844, 236.2774200439453, 217.0522003173828, 204.22402954101562, 214.8218231201172, 190.62258911132812, 207.48907470703125, 136.998291015625, 171.6102752685547, 150.6271209716797, 157.9262237548828, 157.1625213623047, 154.36532592773438, 143.62985229492188, 189.64010620117188, 132.88601684570312, 137.7515869140625, 136.17987060546875, 104.1436767578125, 184.55831909179688, 122.68101501464844, 102.23239135742188, 121.53453826904297, 129.925048828125, 129.48548889160156, 142.24676513671875, 112.02523803710938, 109.71841430664062, 89.7734603881836, 93.36195373535156, 103.0204849243164, 102.45156860351562, 91.08973693847656, 100.00421142578125, 85.82501220703125, 89.36812591552734, 89.59713745117188, 112.47715759277344, 120.7294921875, 96.39789581298828, 97.65862274169922, 99.93013000488281, 96.5861587524414, 85.57492065429688]}