{"hyper_parameters": {"batch_size": 512, "hidden_dim": 128, "step_size": 0.0001, "evaluation_samples": 256, "rounds": 50000, "K": 1, "dataset_name": "svhn", "cuda_core": 0}, "loss_log": [1632.7919921875, 1695.958984375, 1105.3837890625, 842.3368530273438, 1036.14990234375, 913.36328125, 941.747314453125, 651.0557861328125, 756.5806884765625, 692.43505859375, 549.9019775390625, 468.84307861328125, 545.6978759765625, 484.5252685546875, 482.66461181640625, 480.7710266113281, 527.824462890625, 358.98712158203125, 461.2874755859375, 429.097900390625, 320.62493896484375, 265.8031921386719, 452.73260498046875, 501.364501953125, 388.2364807128906, 295.04425048828125, 413.8528747558594, 422.92071533203125, 312.9870300292969, 289.9866943359375, 341.45867919921875, 273.8038635253906, 277.458251953125, 250.63629150390625, 353.8313903808594, 236.18118286132812, 315.05804443359375, 312.87738037109375, 253.37503051757812, 265.3733215332031, 254.21994018554688, 360.891845703125, 325.4172058105469, 260.61724853515625, 241.04403686523438, 392.8673095703125, 258.767578125, 265.0985107421875, 317.09454345703125, 252.5975341796875, 366.7664794921875, 233.98135375976562, 348.6473693847656, 231.54022216796875, 313.30169677734375, 241.79498291015625, 232.94735717773438, 230.82461547851562, 275.3795471191406, 292.3077392578125, 201.48818969726562, 320.2197265625, 212.35366821289062, 244.79971313476562, 214.61614990234375, 402.0311279296875, 337.77008056640625, 242.97349548339844, 208.08843994140625, 247.21835327148438, 188.87875366210938, 177.2451629638672, 291.3011169433594, 238.3924560546875, 197.20819091796875, 228.81912231445312, 201.37472534179688, 213.8441619873047, 235.5494384765625, 193.232666015625, 246.24627685546875, 234.11663818359375, 206.72952270507812, 190.1617431640625, 237.62310791015625, 298.8189697265625, 184.83106994628906, 251.5907440185547, 240.10693359375, 192.90065002441406, 227.6556396484375, 160.3141326904297, 207.34776306152344, 181.6916961669922, 210.2823486328125, 170.68496704101562, 197.6216583251953, 202.2548828125, 160.77413940429688, 174.88888549804688, 168.65330505371094, 225.5186767578125, 210.84320068359375, 174.25271606445312, 174.6783447265625, 155.5343017578125, 239.7929229736328, 212.1142120361328, 154.61111450195312, 150.6082763671875, 172.57749938964844, 171.78553771972656, 242.631103515625, 151.40426635742188, 174.00074768066406, 184.060302734375, 172.09231567382812, 152.32913208007812, 214.55995178222656, 177.33642578125, 202.31448364257812, 232.2244415283203, 158.3118896484375, 166.22662353515625, 194.34527587890625, 134.86752319335938, 170.1865997314453, 210.27154541015625, 158.54971313476562, 135.93084716796875, 134.0886688232422, 202.40902709960938, 129.0195770263672, 152.10781860351562, 145.00558471679688, 144.2718048095703, 137.77914428710938, 165.48959350585938, 151.13455200195312, 175.52371215820312, 141.32310485839844, 121.02259826660156, 156.56680297851562, 175.74407958984375, 136.71987915039062, 165.8032989501953, 129.17286682128906, 126.599853515625, 117.9334487915039, 127.13818359375, 166.59364318847656, 156.29364013671875, 176.97067260742188, 174.78201293945312, 116.32095336914062, 157.32122802734375, 148.6235809326172, 125.93103790283203, 278.4376525878906, 134.11709594726562, 181.19488525390625, 152.72164916992188, 160.23651123046875, 136.722412109375, 181.56219482421875, 110.72976684570312, 134.65408325195312, 128.42738342285156, 146.566650390625, 108.84526062011719, 154.6537628173828, 158.80047607421875, 142.0334014892578, 149.8793487548828, 125.08758544921875, 143.98159790039062, 204.03089904785156, 111.41339874267578, 226.04037475585938, 138.62030029296875, 138.53060913085938, 152.85140991210938, 136.74095153808594, 141.3992156982422, 121.84248352050781, 181.42327880859375, 194.71852111816406, 135.1847686767578, 240.69271850585938, 159.22552490234375, 123.58028411865234, 198.17164611816406, 147.5689697265625, 116.89916229248047, 181.5880889892578, 118.98527526855469, 168.78793334960938, 147.80015563964844, 131.81698608398438, 135.947509765625, 155.4159393310547, 123.95747375488281, 142.152587890625, 113.37576293945312, 202.726318359375, 137.21739196777344, 141.70687866210938, 129.98135375976562, 123.59545135498047, 121.51577758789062, 135.470947265625, 141.14077758789062, 136.58767700195312, 153.4798126220703, 181.7398223876953, 122.20783996582031, 168.77371215820312, 121.03889465332031, 142.459716796875, 126.86962127685547, 158.16912841796875, 117.24047088623047, 184.32664489746094, 168.4842529296875, 151.01077270507812, 125.5930404663086, 280.63018798828125, 138.23834228515625, 174.89089965820312, 163.6568603515625, 128.87803649902344, 121.03413391113281, 119.74873352050781, 139.61456298828125, 169.92601013183594, 182.82110595703125, 112.12690734863281, 392.8890380859375, 251.40660095214844, 167.01385498046875, 260.915283203125, 146.66473388671875, 215.97166442871094, 145.98443603515625, 169.07736206054688, 138.42758178710938, 156.43772888183594, 110.2552261352539, 138.1824951171875, 135.0428924560547, 196.84024047851562]}