{"hyper_parameters": {"batch_size": 512, "hidden_dim": 128, "step_size": 0.0001, "evaluation_samples": 256, "rounds": 50000, "K": 5, "dataset_name": "svhn", "cuda_core": 3}, "loss_log": [1423.76318359375, 1200.8856201171875, 541.3001708984375, 428.75244140625, 416.44842529296875, 359.14105224609375, 349.63519287109375, 319.744384765625, 394.7633056640625, 381.228271484375, 289.4097900390625, 247.63092041015625, 245.87857055664062, 257.5221252441406, 224.45880126953125, 252.94921875, 188.19778442382812, 158.2296142578125, 170.60336303710938, 194.17636108398438, 171.72715759277344, 219.60931396484375, 159.7178192138672, 178.3127899169922, 168.80833435058594, 156.8263702392578, 117.28396606445312, 136.73898315429688, 146.2310028076172, 138.53994750976562, 137.83364868164062, 147.75155639648438, 143.4264678955078, 130.13914489746094, 148.94613647460938, 125.03045654296875, 114.15362548828125, 127.73448181152344, 139.9517059326172, 107.16463470458984, 113.22471618652344, 100.47542572021484, 112.66238403320312, 161.3871307373047, 111.6091079711914, 140.22560119628906, 120.09815979003906, 114.11322784423828, 130.85983276367188, 163.94557189941406, 107.18573760986328, 163.29470825195312, 119.91333770751953, 105.47271728515625, 158.3323516845703, 147.49375915527344, 115.92852783203125, 166.95790100097656, 108.34912872314453, 147.62644958496094, 107.4781494140625, 130.83804321289062, 188.15869140625, 108.08192443847656, 101.07202911376953, 128.85946655273438, 117.70854949951172, 185.18601989746094, 152.2339630126953, 113.56581115722656, 131.36788940429688, 152.940673828125, 201.94606018066406, 157.57962036132812, 125.1351547241211, 150.02645874023438, 149.94805908203125, 135.69259643554688, 140.2081756591797, 145.15667724609375, 207.8380889892578, 125.5899887084961, 190.06784057617188, 234.64862060546875, 150.360595703125, 139.41957092285156, 106.14314270019531, 170.39697265625, 134.7199249267578, 137.68202209472656, 149.2293701171875, 159.61935424804688, 140.6319122314453, 113.06558227539062, 116.95195007324219, 99.4134750366211, 198.2071533203125, 192.61619567871094, 105.69464111328125, 167.59552001953125, 244.25863647460938, 251.09893798828125, 146.4103240966797, 140.84671020507812, 92.76203155517578, 150.9619140625, 142.5773468017578, 144.63116455078125, 246.61082458496094, 179.93084716796875, 152.04486083984375, 104.31155395507812, 180.76937866210938, 158.6637725830078, 197.30914306640625, 115.24343872070312, 173.92547607421875, 172.48216247558594, 122.13041687011719, 116.70436096191406, 86.7765121459961, 184.39031982421875, 201.64920043945312, 153.5945587158203, 191.29566955566406, 108.5658187866211, 161.58425903320312, 189.0497589111328, 193.6996307373047, 228.28160095214844, 181.03822326660156, 132.96212768554688, 229.24478149414062, 179.139892578125, 155.03555297851562, 209.930908203125, 203.12759399414062, 123.7361068725586, 195.6347198486328, 237.52749633789062, 193.93397521972656, 219.73760986328125, 134.54469299316406, 98.26001739501953, 215.41201782226562, 197.11279296875, 223.2079620361328, 200.68370056152344, 130.18048095703125, 230.23504638671875, 236.830810546875, 199.84104919433594, 151.40573120117188, 145.5713653564453, 283.1812438964844, 188.11553955078125, 173.4678497314453, 188.17568969726562, 145.1586456298828, 161.7021026611328, 228.93630981445312, 244.42926025390625, 185.071044921875, 195.12820434570312, 233.02731323242188, 235.71282958984375, 236.56600952148438, 112.56495666503906, 229.80999755859375, 253.08135986328125, 122.59871673583984, 182.99923706054688, 227.88833618164062, 249.6925048828125, 245.5089111328125, 189.8004150390625, 201.1814422607422, 229.86814880371094, 241.18028259277344, 266.50372314453125, 170.82940673828125, 184.80368041992188, 286.2089538574219, 189.1182861328125, 207.2032928466797, 189.54920959472656, 148.67361450195312, 180.04824829101562, 264.4288330078125, 260.61395263671875, 165.3514404296875, 210.5297088623047, 177.80894470214844, 148.1109619140625, 238.9712677001953, 246.07980346679688, 221.4228515625, 252.17706298828125, 99.43296813964844, 196.04629516601562, 181.80545043945312, 175.13507080078125, 222.663818359375, 118.39826965332031, 234.4231414794922, 235.41134643554688, 224.11422729492188, 197.11151123046875, 174.66445922851562, 177.41171264648438, 189.65008544921875, 278.643310546875, 264.2225036621094, 141.11941528320312, 261.89990234375, 199.93045043945312, 237.76889038085938, 172.6011199951172, 174.79457092285156, 199.22552490234375, 241.06520080566406, 175.36480712890625, 244.72996520996094, 263.87713623046875, 218.64813232421875, 252.98587036132812, 248.93234252929688, 141.7421112060547, 210.8154296875, 226.47201538085938, 173.2955322265625, 202.59402465820312, 125.73963165283203, 200.78565979003906, 260.621826171875, 163.88970947265625, 208.84146118164062, 247.22463989257812, 157.76739501953125, 111.42559051513672, 225.38955688476562, 211.62933349609375, 228.76280212402344, 205.37109375, 295.13336181640625, 254.21487426757812, 142.45533752441406, 175.8550567626953, 189.74488830566406, 299.275390625, 201.74578857421875]}