{"hyper_parameters": {"batch_size": 512, "hidden_dim": 128, "step_size": 0.0001, "evaluation_samples": 1024, "rounds": 20000, "K": 2, "dataset_name": "cifar10", "cuda_core": 1}, "loss_log": [1437.7470703125, 539.995361328125, 361.8771667480469, 416.99560546875, 351.3831787109375, 278.0616760253906, 359.77142333984375, 234.62646484375, 240.75758361816406, 264.1562194824219, 229.77857971191406, 239.0455780029297, 216.36428833007812, 229.47238159179688, 208.6501922607422, 182.74786376953125, 196.5470733642578, 236.01258850097656, 164.28192138671875, 173.70913696289062, 196.30673217773438, 137.78076171875, 189.31346130371094, 192.43211364746094, 173.5536651611328, 174.34103393554688, 143.7270050048828, 143.64761352539062, 122.39678955078125, 137.4640350341797, 142.70826721191406, 157.94927978515625, 126.39241027832031, 138.91253662109375, 132.6646270751953, 137.688232421875, 122.57841491699219, 120.03199768066406, 102.332275390625, 141.41172790527344, 140.175537109375, 121.66371154785156, 114.48605346679688, 112.5892333984375, 128.0111541748047, 106.28433990478516, 119.18556213378906, 111.56570434570312, 131.22259521484375, 112.09768676757812, 115.31307983398438]}