{"hyper_parameters": {"batch_size": 512, "hidden_dim": 128, "step_size": 0.0001, "evaluation_samples": 256, "rounds": 50000, "K": 10, "dataset_name": "svhn", "cuda_core": 4}, "loss_log": [1464.220458984375, 986.7689208984375, 450.21337890625, 374.16143798828125, 384.5216979980469, 290.4629211425781, 260.3555908203125, 266.425537109375, 233.8430938720703, 220.34335327148438, 182.698486328125, 158.57411193847656, 190.30157470703125, 182.0821990966797, 145.3780059814453, 128.4767608642578, 118.063720703125, 130.0102996826172, 110.37268829345703, 148.618896484375, 146.0692596435547, 127.8781509399414, 123.10578918457031, 143.97315979003906, 184.55191040039062, 119.68448638916016, 160.44415283203125, 159.5807342529297, 104.91593933105469, 103.12599182128906, 149.6829376220703, 116.29875183105469, 222.82362365722656, 116.50108337402344, 138.78427124023438, 224.292236328125, 115.78805541992188, 206.23031616210938, 170.6656494140625, 163.42327880859375, 123.09146118164062, 134.5249786376953, 263.09027099609375, 195.72842407226562, 135.32530212402344, 117.19916534423828, 93.70098114013672, 162.57974243164062, 136.7755126953125, 147.4395751953125, 182.04391479492188, 113.35612487792969, 88.28569793701172, 158.43582153320312, 158.2626953125, 117.86246490478516, 125.53133392333984, 161.05653381347656, 154.36129760742188, 113.36802673339844, 100.0444564819336, 112.43910217285156, 132.1307373046875, 126.16368103027344, 162.8061065673828, 211.37026977539062, 203.37826538085938, 163.67152404785156, 236.3719482421875, 239.14707946777344, 195.21412658691406, 154.92105102539062, 175.08087158203125, 186.2812042236328, 167.4844512939453, 153.04774475097656, 179.5599365234375, 148.3123321533203, 145.26071166992188, 237.21119689941406, 169.3369598388672, 231.45733642578125, 238.92938232421875, 171.43817138671875, 234.97630310058594, 167.9520263671875, 248.5826873779297, 216.7373046875, 231.94580078125, 134.22317504882812, 176.4332275390625, 212.637451171875, 197.06968688964844, 115.90543365478516, 207.35775756835938, 127.92735290527344, 168.22482299804688, 200.84173583984375, 266.2282409667969, 189.30780029296875, 207.1884765625, 166.91522216796875, 177.464111328125, 153.17144775390625, 245.81637573242188, 233.26048278808594, 236.1827392578125, 222.532470703125, 113.11956787109375, 178.1021728515625, 280.4595947265625, 179.84669494628906, 253.21942138671875, 168.6854248046875, 188.56956481933594, 172.3944091796875, 150.401123046875, 187.40658569335938, 222.32040405273438, 260.9110107421875, 175.81265258789062, 114.33565521240234, 169.1435546875, 223.59539794921875, 203.22039794921875, 292.91778564453125, 190.0098876953125, 226.94979858398438, 241.30191040039062, 233.36221313476562, 150.275634765625, 244.8645477294922, 230.7310791015625, 179.2704315185547, 267.6820068359375, 312.2145690917969, 188.20762634277344, 205.64773559570312, 230.6913299560547, 240.0457000732422, 167.266845703125, 207.77125549316406, 199.47325134277344, 207.51702880859375, 229.78640747070312, 208.52352905273438, 294.87615966796875, 258.97930908203125, 204.5368194580078, 186.14566040039062, 279.27178955078125, 210.56326293945312, 190.67880249023438, 250.9742431640625, 206.2327880859375, 238.495361328125, 207.88674926757812, 285.27978515625, 214.10665893554688, 237.34034729003906, 198.21495056152344, 200.85531616210938, 263.763427734375, 209.11692810058594, 207.26876831054688, 241.29013061523438, 266.09173583984375, 287.8029479980469, 270.293212890625, 223.67208862304688, 269.64837646484375, 193.88998413085938, 152.0161895751953, 219.66665649414062, 234.88975524902344, 300.518798828125, 167.94778442382812, 235.32369995117188, 219.47991943359375, 277.14776611328125, 170.2197265625, 201.93661499023438, 250.025634765625, 250.9783477783203, 170.7235565185547, 268.9442443847656, 262.45306396484375, 259.2724609375, 150.7730712890625, 171.26876831054688, 239.30136108398438, 201.34815979003906, 264.80230712890625, 193.80789184570312, 219.74444580078125, 297.1702880859375, 208.08474731445312, 301.8423767089844, 232.581787109375, 215.74273681640625, 150.71038818359375, 217.5185546875, 209.7967529296875, 258.20904541015625, 264.3240051269531, 289.2913818359375, 196.07936096191406, 276.8868103027344, 176.0997772216797, 219.24996948242188, 197.34310913085938, 242.79287719726562, 210.61822509765625, 165.64822387695312, 272.43170166015625, 308.4453430175781, 139.701171875, 203.48171997070312, 205.4821319580078, 213.09091186523438, 242.51852416992188, 156.06007385253906, 190.01388549804688, 191.53811645507812, 155.14222717285156, 217.01449584960938, 295.92926025390625, 199.76904296875, 214.21795654296875, 271.7257995605469, 265.2168273925781, 326.7126770019531, 264.1942443847656, 177.5481414794922, 279.00811767578125, 218.19956970214844, 175.76251220703125, 195.79989624023438, 173.7898406982422, 226.58505249023438, 219.31005859375, 164.22750854492188, 137.66973876953125, 253.17269897460938, 194.72610473632812, 249.07489013671875, 151.83694458007812, 187.396240234375, 265.879150390625, 231.89083862304688, 254.35586547851562]}