{"hyper_parameters": {"batch_size": 512, "hidden_dim": 128, "step_size": 0.0001, "evaluation_samples": 1024, "rounds": 30000, "K": 2, "dataset_name": "mnist", "cuda_core": 1}, "loss_log": [1810.4053955078125, 718.1617431640625, 674.7025146484375, 143.4066925048828, 95.3786392211914, 43.18153381347656, 61.136619567871094, 28.57673454284668, 30.04597282409668, 26.434972763061523, 22.77975845336914, 15.927518844604492, 19.050827026367188, 21.036636352539062, 25.88494300842285, 15.735650062561035, 21.13412857055664, 17.992652893066406, 11.324357032775879, 18.334665298461914, 13.871325492858887, 13.00638198852539, 10.771693229675293, 10.638023376464844, 13.205875396728516, 9.41759967803955, 10.447126388549805, 13.365854263305664, 9.455401420593262, 11.352685928344727, 12.15061092376709, 12.024515151977539, 8.582932472229004, 9.424763679504395, 8.732720375061035, 12.709606170654297, 12.061325073242188, 11.379754066467285, 9.851749420166016, 10.597070693969727, 9.902624130249023, 20.372303009033203, 9.894037246704102, 12.330490112304688, 9.38154411315918, 12.512639045715332, 10.298693656921387, 11.200177192687988, 9.155713081359863, 10.96136474609375, 10.902360916137695, 10.280274391174316, 14.968852996826172, 11.38887882232666, 11.453465461730957, 11.640579223632812, 11.252551078796387, 11.391911506652832, 19.779340744018555, 11.427289009094238, 10.613212585449219, 11.262346267700195, 9.334806442260742, 12.341399192810059, 10.318934440612793, 11.219742774963379, 12.154328346252441, 9.730533599853516, 9.871466636657715, 12.107324600219727, 10.442766189575195, 10.07221794128418, 12.582327842712402, 9.389978408813477, 10.213590621948242, 10.512041091918945, 12.279901504516602, 12.227354049682617, 13.566003799438477, 10.309297561645508, 10.819604873657227, 10.139126777648926, 11.727327346801758, 12.559027671813965, 12.932731628417969, 11.780126571655273, 10.851472854614258, 10.471545219421387, 11.723989486694336, 11.57678508758545, 11.064650535583496, 10.937396049499512, 10.412331581115723, 10.306509971618652, 14.055989265441895, 11.201272964477539, 8.720996856689453, 11.142624855041504, 9.74454402923584, 12.036140441894531, 13.094158172607422, 11.997476577758789, 11.067953109741211, 11.882536888122559, 12.024478912353516, 11.507859230041504, 12.40219497680664, 13.11349105834961, 11.998491287231445, 10.031574249267578, 11.367874145507812, 11.19681453704834, 10.997903823852539, 12.711275100708008, 8.51142692565918, 9.558302879333496, 8.114028930664062, 8.87852954864502, 10.531901359558105, 11.508722305297852, 11.459994316101074, 10.376910209655762, 11.090144157409668, 9.817054748535156, 10.969724655151367, 10.945084571838379, 9.82009506225586, 9.448332786560059, 10.407452583312988, 10.748321533203125, 11.549819946289062, 12.01228141784668, 13.2758150100708, 14.749302864074707, 14.33361530303955, 15.287259101867676, 10.87673568725586, 11.328659057617188, 12.465560913085938, 10.139350891113281, 11.344650268554688, 11.9280424118042, 12.11949634552002, 12.93964958190918, 15.735034942626953, 9.972735404968262, 10.263855934143066, 10.112098693847656, 12.115488052368164, 12.33945083618164, 12.329699516296387]}