{"hyper_parameters": {"batch_size": 512, "hidden_dim": 128, "step_size": 0.001, "evaluation_samples": 1024, "rounds": 30000, "K": 3, "dataset_name": "mnist", "cuda_core": 1}, "loss_log": [1901.0648193359375, 1254.3216552734375, 1689.514892578125, 1668.6446533203125, 1671.8507080078125, 1665.9315185546875, 1670.05029296875, 1670.977783203125, 1663.965576171875, 1679.229248046875, 1664.9185791015625, 1662.313720703125, 1658.0006103515625, 1670.669189453125, 1671.1695556640625, 1677.9635009765625, 1674.7264404296875, 1672.2039794921875, 1664.184814453125, 1737.472900390625, 1747.793701171875, 1731.3497314453125, 1740.8115234375, 1742.346923828125, 1737.978759765625, 1748.164794921875, 1739.3125, 1738.399658203125, 1743.780517578125, 1747.1207275390625, 1741.758056640625, 1740.9564208984375, 1757.2078857421875, 1741.650146484375, 1747.9920654296875, 1745.9208984375, 1732.0582275390625, 1743.2105712890625, 1744.755859375, 1741.3095703125, 1745.38134765625, 1744.91552734375, 1748.553466796875, 1729.005615234375, 1745.03857421875, 1739.693359375, 1731.5126953125, 1731.55810546875, 1734.15869140625, 1744.8936767578125, 1750.138427734375, 1751.43896484375, 1732.6761474609375, 1741.2991943359375, 1740.756591796875, 1738.354736328125, 1742.82080078125, 1742.154296875, 1732.547119140625, 1748.10400390625, 1731.4168701171875, 1741.6015625, 1743.0609130859375, 1744.6810302734375, 1742.0947265625, 1736.242919921875, 1732.6650390625, 1739.447265625, 1747.77880859375, 1736.020263671875, 1735.758544921875, 1737.02099609375, 1731.784423828125, 1743.655517578125, 1737.2518310546875, 1734.87548828125, 1741.617919921875, 1737.556884765625, 1744.465087890625, 1739.9271240234375, 1745.915283203125, 1747.223388671875, 1736.6318359375, 1735.313720703125, 1738.6591796875, 1754.86669921875, 1748.736328125, 1742.618896484375, 1735.15771484375, 1748.7313232421875, 1739.872802734375, 1736.378662109375, 1736.12451171875, 1733.2266845703125, 1740.8111572265625, 1728.208251953125, 1744.301513671875, 1739.2960205078125, 1736.9979248046875, 1737.220703125, 1733.675048828125, 1747.915771484375, 1737.1729736328125, 1735.351806640625, 1733.8099365234375, 1740.447021484375, 1734.278076171875, 1744.5718994140625, 1735.57568359375, 1744.797119140625, 1752.0440673828125, 1735.169921875, 1742.1558837890625, 1732.364501953125, 1732.38525390625, 1754.280517578125, 1739.634521484375, 1744.077880859375, 1747.815673828125, 1742.919677734375, 1748.1455078125, 1738.9451904296875, 1738.364013671875, 1752.105224609375, 1734.58740234375, 1736.81396484375, 1749.58349609375, 1742.079833984375, 1750.923095703125, 1741.9132080078125, 1739.9833984375, 1735.65380859375, 1740.124267578125, 1741.0263671875, 1734.6669921875, 1752.647216796875, 1732.0643310546875, 1748.145263671875, 1742.22412109375, 1743.0545654296875, 1744.8070068359375, 1739.4197998046875, 1733.5362548828125, 1736.4490966796875, 1744.489013671875, 1748.0408935546875, 1740.9722900390625, 1743.0048828125, 1748.376708984375, 1744.63427734375, 1740.4921875]}