{"hyper_parameters": {"batch_size": 512, "hidden_dim": 128, "step_size": 0.0001, "evaluation_samples": 1024, "rounds": 20000, "K": 5, "dataset_name": "cifar10", "cuda_core": 3}, "loss_log": [1448.39697265625, 470.53399658203125, 413.1185302734375, 363.779052734375, 362.69525146484375, 278.62310791015625, 228.05955505371094, 204.83395385742188, 181.89450073242188, 172.00819396972656, 169.2676544189453, 141.76678466796875, 173.57296752929688, 126.06451416015625, 151.06951904296875, 163.35186767578125, 114.4300537109375, 137.10704040527344, 120.32958984375, 129.62347412109375, 120.12904357910156, 106.2768325805664, 102.27659606933594, 95.50297546386719, 98.55429077148438, 110.10198211669922, 92.85723876953125, 104.195068359375, 99.84063720703125, 102.75333404541016, 95.48524475097656, 86.8720474243164, 85.69351959228516, 83.0887451171875, 105.99580383300781, 87.91915893554688, 99.09414672851562, 86.9520492553711, 86.06587219238281, 93.05824279785156, 97.45986938476562, 94.86053466796875, 95.45004272460938, 97.68533325195312, 85.93631744384766, 90.02580261230469, 87.24476623535156, 80.56050109863281, 96.21745300292969, 92.56309509277344, 82.55038452148438]}