{"hyper_parameters": {"batch_size": 512, "hidden_dim": 128, "step_size": 0.0001, "evaluation_samples": 1024, "rounds": 30000, "K": 3, "dataset_name": "mnist", "cuda_core": 2}, "loss_log": [1874.992919921875, 425.639404296875, 54.492210388183594, 77.4261474609375, 84.03641510009766, 29.566425323486328, 29.12455177307129, 27.700529098510742, 19.548830032348633, 18.910680770874023, 20.102313995361328, 13.968829154968262, 14.95363998413086, 23.081310272216797, 14.657461166381836, 14.570323944091797, 11.98376750946045, 12.184794425964355, 13.25509262084961, 14.90794563293457, 12.072928428649902, 11.460372924804688, 16.154685974121094, 11.169848442077637, 12.336708068847656, 13.719846725463867, 13.872939109802246, 11.683542251586914, 12.380002975463867, 12.35922622680664, 12.13625717163086, 10.586286544799805, 10.059494972229004, 12.0267333984375, 11.606810569763184, 11.30948543548584, 12.871248245239258, 15.175594329833984, 12.09451675415039, 11.341804504394531, 17.172090530395508, 10.314188957214355, 12.590852737426758, 12.91918659210205, 9.901820182800293, 9.452188491821289, 17.933076858520508, 17.455358505249023, 14.581600189208984, 12.523019790649414, 11.427783012390137, 15.210411071777344, 13.298206329345703, 11.77772331237793, 11.701366424560547, 13.640047073364258, 10.12116527557373, 12.973759651184082, 11.273405075073242, 15.292640686035156, 13.914326667785645, 13.100959777832031, 13.26905345916748, 18.488500595092773, 11.107083320617676, 10.979818344116211, 10.377494812011719, 10.506722450256348, 11.336904525756836, 10.860153198242188, 10.165275573730469, 11.884655952453613, 13.869169235229492, 14.259604454040527, 8.708486557006836, 12.212303161621094, 11.08135986328125, 13.241708755493164, 16.36114501953125, 16.89508056640625, 13.56650161743164, 13.251325607299805, 11.39018726348877, 12.08420467376709, 13.207378387451172, 16.023618698120117, 14.859210968017578, 18.316566467285156, 13.948577880859375, 12.493756294250488, 13.364889144897461, 12.284103393554688, 10.973267555236816, 13.744330406188965, 12.996988296508789, 11.73011302947998, 10.777665138244629, 11.85787296295166, 10.61043930053711, 10.764659881591797, 12.223271369934082, 14.976627349853516, 13.72339916229248, 10.247171401977539, 16.916027069091797, 11.893108367919922, 15.964223861694336, 17.114791870117188, 18.360424041748047, 11.847749710083008, 11.033884048461914, 11.627346992492676, 13.870096206665039, 18.418012619018555, 11.85107707977295, 8.927960395812988, 11.023759841918945, 15.981853485107422, 16.278438568115234, 15.545035362243652, 10.507022857666016, 11.253210067749023, 11.998512268066406, 11.870891571044922, 14.216806411743164, 14.463976860046387, 13.263891220092773, 10.384507179260254, 12.174527168273926, 12.440384864807129, 10.753036499023438, 13.72722339630127, 11.186848640441895, 13.835855484008789, 14.058653831481934, 13.867598533630371, 8.86545181274414, 11.644124031066895, 16.49012565612793, 17.89716339111328, 13.101375579833984, 12.917890548706055, 18.516416549682617, 19.445518493652344, 11.783540725708008, 11.716132164001465, 12.402796745300293, 10.233275413513184, 11.303529739379883, 13.393543243408203, 15.147404670715332]}