{"hyper_parameters": {"batch_size": 512, "hidden_dim": 128, "step_size": 0.0001, "evaluation_samples": 256, "rounds": 50000, "K": 2, "dataset_name": "svhn", "cuda_core": 1}, "loss_log": [1589.080322265625, 1185.0791015625, 1040.193603515625, 815.39892578125, 687.9188232421875, 536.5438232421875, 771.294677734375, 512.1337890625, 484.931640625, 489.59515380859375, 441.59698486328125, 399.7779846191406, 491.99951171875, 308.76898193359375, 447.3233642578125, 327.59033203125, 283.3174133300781, 332.64544677734375, 348.9890441894531, 467.1336364746094, 355.7567138671875, 249.11077880859375, 276.47698974609375, 231.99708557128906, 273.56280517578125, 243.18276977539062, 307.31494140625, 279.20928955078125, 274.8020935058594, 226.391357421875, 222.19256591796875, 245.73764038085938, 201.73773193359375, 207.12371826171875, 269.4554748535156, 234.45782470703125, 282.2289123535156, 207.14427185058594, 263.97442626953125, 237.68417358398438, 213.8774871826172, 206.87258911132812, 234.5350341796875, 215.43435668945312, 205.78759765625, 204.47518920898438, 176.70755004882812, 204.21112060546875, 194.84872436523438, 167.01748657226562, 141.73785400390625, 152.53729248046875, 183.96759033203125, 187.53610229492188, 153.39393615722656, 136.07113647460938, 166.5193328857422, 256.49908447265625, 145.62771606445312, 158.2669219970703, 154.59474182128906, 144.17738342285156, 145.9692840576172, 162.61260986328125, 138.57675170898438, 126.60484313964844, 139.78306579589844, 129.50616455078125, 132.68898010253906, 123.36715698242188, 135.89935302734375, 143.77911376953125, 152.96275329589844, 146.2146759033203, 108.62644958496094, 119.4864501953125, 136.27804565429688, 145.14938354492188, 129.05172729492188, 118.69454193115234, 116.1303482055664, 116.80120086669922, 137.03233337402344, 103.42986297607422, 108.8556900024414, 129.32272338867188, 115.74624633789062, 129.9149169921875, 163.3667449951172, 126.93363952636719, 121.1313247680664, 109.7449722290039, 120.33473205566406, 145.0336151123047, 109.79608917236328, 140.64068603515625, 111.0858383178711, 135.8611602783203, 99.88875579833984, 146.87876892089844, 104.63823699951172, 129.0711669921875, 112.16487121582031, 126.58956909179688, 190.58409118652344, 118.28402709960938, 161.2481689453125, 116.92465209960938, 132.07418823242188, 122.41011047363281, 98.2360610961914, 118.45967102050781, 100.35100555419922, 158.45516967773438, 144.18540954589844, 124.74653625488281, 215.31317138671875, 121.65327453613281, 97.30789947509766, 115.37980651855469, 132.29425048828125, 100.28428649902344, 156.4072723388672, 127.93987274169922, 125.21564483642578, 130.11737060546875, 120.51122283935547, 108.79622650146484, 118.71320343017578, 137.7113037109375, 124.25408172607422, 120.13616180419922, 170.9647216796875, 147.09548950195312, 104.79972076416016, 138.3233642578125, 110.15533447265625, 105.49381256103516, 145.72805786132812, 118.88365173339844, 146.0347442626953, 120.68045806884766, 107.0458984375, 110.55726623535156, 113.83065032958984, 104.60649108886719, 156.77365112304688, 112.19326782226562, 98.68274688720703, 139.76112365722656, 104.34732818603516, 105.22457122802734, 114.9100112915039, 101.0022201538086, 111.63752746582031, 101.20264434814453, 120.1767578125, 108.6962661743164, 100.8183822631836, 99.01531219482422, 98.66670227050781, 170.69732666015625, 112.85466003417969, 111.53275299072266, 108.58189392089844, 107.93275451660156, 119.61383056640625, 132.45156860351562, 101.39408874511719, 98.36161804199219, 108.60114288330078, 109.6944351196289, 103.72350311279297, 132.15457153320312, 106.87796020507812, 106.94839477539062, 95.5006103515625, 99.15185546875, 91.48553466796875, 103.55300903320312, 114.65807342529297, 106.06136322021484, 123.40689086914062, 132.8474578857422, 104.52308654785156, 148.8106689453125, 132.59756469726562, 113.92656707763672, 87.38789367675781, 106.7165756225586, 105.36911010742188, 111.13417053222656, 111.90408325195312, 102.31819915771484, 91.6307601928711, 115.53944396972656, 107.21125793457031, 158.32383728027344, 156.25828552246094, 95.67440032958984, 104.26481628417969, 105.36935424804688, 101.43339538574219, 104.46442413330078, 124.31403350830078, 97.84498596191406, 101.88114929199219, 121.6494140625, 93.46722412109375, 104.82676696777344, 107.44526672363281, 103.77108764648438, 97.42935943603516, 87.25823211669922, 102.40900421142578, 114.28099060058594, 105.68795013427734, 205.29754638671875, 91.30534362792969, 98.21893310546875, 124.1946029663086, 112.09414672851562, 99.44207000732422, 98.2772445678711, 92.53347778320312, 105.11275482177734, 119.44975280761719, 103.0786361694336, 113.3795166015625, 97.91742706298828, 93.96879577636719, 92.83816528320312, 97.28602600097656, 97.22274780273438, 98.97282409667969, 104.67921447753906, 130.11328125, 97.29114532470703, 91.88098907470703, 709.766357421875, 102.32921600341797, 98.6679458618164, 114.16818237304688, 152.0082244873047, 98.43228912353516, 123.15805053710938, 97.52771759033203, 93.8130111694336, 100.71817016601562, 104.65193939208984, 102.41873168945312]}