{"hyper_parameters": {"batch_size": 512, "hidden_dim": 128, "step_size": 0.0001, "evaluation_samples": 1024, "rounds": 30000, "K": 10, "dataset_name": "mnist", "cuda_core": 4}, "loss_log": [1672.370361328125, 1689.80419921875, 1154.4647216796875, 197.27084350585938, 49.12620544433594, 41.67456817626953, 28.446401596069336, 21.20674705505371, 18.26766586303711, 16.3709716796875, 21.352758407592773, 16.75764274597168, 26.78323745727539, 21.265869140625, 12.549816131591797, 18.826780319213867, 17.88485336303711, 21.94249153137207, 25.287134170532227, 13.006522178649902, 13.560271263122559, 16.878002166748047, 11.100974082946777, 15.991670608520508, 23.274192810058594, 13.929851531982422, 12.172752380371094, 23.691789627075195, 11.50622844696045, 17.670211791992188, 18.29322624206543, 12.260076522827148, 20.610164642333984, 10.165305137634277, 10.821081161499023, 27.355737686157227, 11.918485641479492, 10.579894065856934, 21.215877532958984, 14.008468627929688, 13.079011917114258, 11.507037162780762, 15.14703369140625, 15.188632011413574, 13.540525436401367, 13.023517608642578, 11.6375093460083, 20.138538360595703, 10.637362480163574, 10.847189903259277, 13.068668365478516, 8.268299102783203, 9.488848686218262, 16.981658935546875, 11.24336051940918, 9.643458366394043, 10.137236595153809, 12.69644546508789, 8.640700340270996, 11.264400482177734, 14.750924110412598, 11.227972030639648, 9.397046089172363, 15.52673625946045, 9.455345153808594, 18.219234466552734, 9.914995193481445, 15.588705062866211, 16.131826400756836, 10.906888961791992, 17.809160232543945, 13.22818660736084, 10.46348762512207, 9.726579666137695, 21.078128814697266, 12.450389862060547, 20.530914306640625, 11.546523094177246, 20.38188362121582, 12.648064613342285, 17.604055404663086, 14.536907196044922, 15.220294952392578, 15.988054275512695, 11.228163719177246, 13.399080276489258, 12.097888946533203, 22.149917602539062, 17.574108123779297, 13.72380542755127, 22.065288543701172, 21.723546981811523, 19.524707794189453, 12.326337814331055, 28.32245445251465, 15.092584609985352, 16.40995216369629, 22.609800338745117, 22.737491607666016, 40.005496978759766, 23.560028076171875, 28.395015716552734, 34.418006896972656, 34.36573791503906, 44.26474380493164, 21.478801727294922, 49.96482849121094, 89.08828735351562, 43.376258850097656, 43.007301330566406, 48.949462890625, 44.51747131347656, 80.99124145507812, 87.07327270507812, 73.912841796875, 78.00405883789062, 46.55769348144531, 48.600364685058594, 111.33059692382812, 136.37191772460938, 87.62284851074219, 71.06580352783203, 134.59304809570312, 111.99380493164062, 119.08316040039062, 144.01263427734375, 148.60189819335938, 136.52406311035156, 166.8571319580078, 156.44247436523438, 126.15312194824219, 177.6756591796875, 202.61843872070312, 183.54183959960938, 165.9219512939453, 133.54391479492188, 210.56698608398438, 160.6961669921875, 311.47186279296875, 136.64932250976562, 219.22718811035156, 163.77198791503906, 153.00233459472656, 264.71649169921875, 126.24409484863281, 179.91038513183594, 139.1529083251953, 179.23785400390625, 208.12425231933594, 99.26409149169922, 156.83114624023438]}