{"hyper_parameters": {"batch_size": 512, "hidden_dim": 128, "step_size": 0.001, "evaluation_samples": 1024, "rounds": 20000, "K": 1, "dataset_name": "svhn", "cuda_core": 7}, "loss_log": [1541.243408203125, 988.6808471679688, 979.0712890625, 705.889892578125, 860.00048828125, 935.12939453125, 638.071044921875, 809.4703979492188, 750.074462890625, 794.4727172851562, 699.14013671875, 837.6793823242188, 573.677490234375, 907.0489501953125, 459.8826904296875, 533.8082885742188, 612.943115234375, 512.6221923828125, 343.6949768066406, 778.91357421875, 483.0659484863281, 529.08251953125, 526.3935546875, 557.4160766601562, 442.4235534667969, 480.0555114746094, 459.0975341796875, 605.6307373046875, 334.90704345703125, 302.63043212890625, 302.2973937988281, 279.17236328125, 357.1546325683594, 716.3334350585938, 327.3332824707031, 246.35379028320312, 278.088623046875, 328.66192626953125, 440.5406188964844, 385.22021484375, 280.60821533203125, 238.50148010253906, 313.2398986816406, 357.14935302734375, 204.8504638671875, 320.8081970214844, 315.9208984375, 355.08001708984375, 371.7486572265625, 204.67562866210938, 364.9073791503906, 319.4235534667969, 291.21124267578125, 274.15728759765625, 316.95751953125, 297.80804443359375, 251.5852508544922, 515.0594482421875, 376.638916015625, 267.336669921875, 208.23873901367188, 244.6290283203125, 253.60812377929688, 244.59613037109375, 542.0564575195312, 230.97891235351562, 388.79010009765625, 267.56622314453125, 569.889404296875, 162.9181365966797, 289.7125244140625, 262.5672607421875, 234.87872314453125, 319.94805908203125, 250.4289093017578, 230.20831298828125, 218.39608764648438, 232.14599609375, 302.26751708984375, 226.73309326171875, 229.8499755859375, 357.6954040527344, 251.70468139648438, 289.75616455078125, 215.23834228515625, 306.175048828125, 312.41351318359375, 372.3365478515625, 273.16558837890625, 215.68881225585938, 171.4527587890625, 429.0210876464844, 269.5963134765625, 273.5430603027344, 153.94969177246094, 157.80685424804688, 315.9261474609375, 223.69842529296875, 338.72119140625, 251.2684326171875, 258.2222900390625]}