{"hyper_parameters": {"batch_size": 512, "hidden_dim": 128, "step_size": 0.0001, "evaluation_samples": 256, "rounds": 50000, "K": 3, "dataset_name": "svhn", "cuda_core": 2}, "loss_log": [1661.884765625, 1140.0478515625, 1097.400390625, 1025.30810546875, 767.7030029296875, 432.28302001953125, 457.2969970703125, 514.259765625, 400.77960205078125, 263.82232666015625, 401.4122314453125, 304.335205078125, 404.28460693359375, 381.1805725097656, 266.799072265625, 306.6607360839844, 362.37054443359375, 318.2744140625, 261.4530334472656, 331.70318603515625, 311.236328125, 284.1628112792969, 239.97769165039062, 303.1025390625, 230.105712890625, 239.667724609375, 248.34957885742188, 239.95718383789062, 217.22357177734375, 205.35006713867188, 208.5410614013672, 151.4484100341797, 191.57716369628906, 171.01710510253906, 203.14578247070312, 163.49285888671875, 152.64328002929688, 158.37489318847656, 161.54718017578125, 122.3536376953125, 153.67437744140625, 119.56006622314453, 141.29254150390625, 171.9948272705078, 135.544677734375, 136.343017578125, 131.55886840820312, 142.5542755126953, 115.84358215332031, 149.85154724121094, 141.43927001953125, 243.8746337890625, 104.0246353149414, 126.52950286865234, 115.4427490234375, 126.20054626464844, 105.70648956298828, 105.99856567382812, 177.67935180664062, 129.26702880859375, 137.20175170898438, 131.76226806640625, 105.27662658691406, 108.39144897460938, 110.72503662109375, 134.9016876220703, 142.02590942382812, 111.56285095214844, 129.135986328125, 119.58584594726562, 106.8707275390625, 129.72007751464844, 108.60599517822266, 108.73350524902344, 144.15823364257812, 125.33516693115234, 103.16731262207031, 111.04685974121094, 97.29882049560547, 127.2659683227539, 114.49464416503906, 130.08596801757812, 94.71492767333984, 104.70508575439453, 96.91313934326172, 100.84310150146484, 102.31082916259766, 112.53683471679688, 94.78535461425781, 135.88059997558594, 112.90541076660156, 123.0469970703125, 108.68679809570312, 113.42803955078125, 108.28130340576172, 119.78545379638672, 120.45127868652344, 108.66724395751953, 112.8976821899414, 116.2163314819336, 118.84954833984375, 110.625, 101.32894897460938, 100.14090728759766, 107.81340026855469, 92.14444732666016, 91.31985473632812, 150.0167694091797, 93.28103637695312, 151.62339782714844, 100.93795776367188, 130.17706298828125, 106.64028930664062, 98.96302795410156, 171.4598388671875, 103.586181640625, 106.21052551269531, 95.90776824951172, 100.81529998779297, 100.01298522949219, 100.1925277709961, 112.46646881103516, 141.478515625, 112.94889068603516, 109.38066864013672, 95.6203842163086, 111.49427795410156, 101.26081848144531, 100.32119750976562, 109.6939697265625, 137.15158081054688, 112.84849548339844, 94.83645629882812, 107.8343276977539, 88.61897277832031, 93.26136016845703, 100.07246398925781, 88.69125366210938, 97.84747314453125, 109.57261657714844, 100.94563293457031, 100.75972747802734, 113.99402618408203, 92.77499389648438, 95.14640808105469, 90.40568542480469, 108.77752685546875, 96.56309509277344, 106.40219116210938, 98.95468139648438, 103.13190460205078, 106.74429321289062, 87.71031951904297, 95.59642028808594, 123.40805053710938, 80.52052307128906, 110.71055603027344, 90.27985382080078, 102.80240631103516, 103.9793930053711, 93.20146179199219, 96.76268005371094, 95.7055435180664, 82.98526763916016, 98.14586639404297, 91.03888702392578, 82.0425033569336, 106.47056579589844, 94.1309585571289, 96.45636749267578, 122.39278411865234, 86.5657958984375, 123.7344741821289, 129.45684814453125, 109.04087829589844, 113.21310424804688, 101.72343444824219, 102.29325103759766, 87.327392578125, 115.23324584960938, 115.35345458984375, 101.00170135498047, 96.78233337402344, 99.6401138305664, 90.05327606201172, 90.3150405883789, 88.78494262695312, 106.43682861328125, 95.38677215576172, 95.95711517333984, 108.68467712402344, 101.51383972167969, 85.64659881591797, 94.4210205078125, 95.58055114746094, 93.99609375, 107.16730499267578, 102.21887969970703, 120.02925109863281, 96.52732849121094, 115.46257781982422, 89.87217712402344, 119.88443756103516, 106.29308319091797, 106.95729064941406, 87.41024017333984, 136.51234436035156, 120.4393081665039, 151.53140258789062, 114.05951690673828, 100.36944580078125, 142.67242431640625, 120.38102722167969, 102.1793212890625, 137.80642700195312, 99.72156524658203, 90.71491241455078, 124.6519775390625, 121.34175109863281, 123.37843322753906, 97.07276916503906, 109.68572235107422, 91.24940490722656, 108.14229583740234, 82.47614288330078, 95.2574234008789, 98.81195831298828, 94.72321319580078, 119.18020629882812, 97.09258270263672, 109.28250122070312, 89.02735900878906, 97.2048110961914, 130.11917114257812, 100.07461547851562, 125.03871154785156, 106.96446228027344, 115.82591247558594, 84.68861389160156, 116.551025390625, 126.4433822631836, 90.83432006835938, 94.0516128540039, 107.84577941894531, 125.5846939086914, 118.84324645996094, 147.3958282470703, 177.360107421875, 89.26063537597656, 110.18026733398438, 130.54360961914062]}