{"hyper_parameters": {"batch_size": 512, "hidden_dim": 128, "step_size": 0.0001, "evaluation_samples": 256, "rounds": 50000, "K": 2, "dataset_name": "svhn", "cuda_core": 1}, "loss_log": [1574.1103515625, 1192.78173828125, 604.4807739257812, 740.3370361328125, 662.4989013671875, 502.90234375, 492.62359619140625, 392.17694091796875, 416.6475830078125, 418.64996337890625, 447.192626953125, 355.2955017089844, 310.71142578125, 322.91973876953125, 336.79833984375, 318.3095397949219, 387.0469970703125, 255.04884338378906, 317.979248046875, 249.4473876953125, 255.48226928710938, 227.14979553222656, 256.30621337890625, 213.718994140625, 249.5393829345703, 251.4498291015625, 277.3055114746094, 197.950439453125, 175.86767578125, 204.83322143554688, 188.58172607421875, 255.32241821289062, 221.09869384765625, 233.64288330078125, 190.41036987304688, 206.28619384765625, 229.35357666015625, 174.8345947265625, 199.72938537597656, 197.48471069335938, 157.97259521484375, 146.76058959960938, 151.50344848632812, 151.76747131347656, 161.7416534423828, 143.4645538330078, 147.37652587890625, 149.6009521484375, 143.59156799316406, 157.5357208251953, 140.50205993652344, 164.3150634765625, 133.80368041992188, 124.04051208496094, 123.76202392578125, 137.23765563964844, 138.42840576171875, 117.07897186279297, 128.86190795898438, 131.51995849609375, 114.4747085571289, 136.36492919921875, 116.05506896972656, 111.7142105102539, 136.46310424804688, 123.49418640136719, 120.32106018066406, 134.0958251953125, 124.96592712402344, 126.64157104492188, 135.87149047851562, 115.44143676757812, 122.75492858886719, 115.35697937011719, 108.71434020996094, 109.48133087158203, 120.86328125, 128.1342315673828, 117.99849700927734, 121.5256118774414, 128.0169219970703, 111.78814697265625, 103.37275695800781, 116.43123626708984, 121.13279724121094, 120.3456802368164, 109.09664154052734, 117.18009948730469, 132.9480438232422, 118.9528579711914, 115.39957427978516, 120.58706665039062, 111.26437377929688, 117.74686431884766, 109.82291412353516, 114.42683410644531, 135.46786499023438, 113.40613555908203, 124.18488311767578, 118.5159912109375, 131.21127319335938, 116.74324798583984, 107.22024536132812, 102.9188461303711, 128.16305541992188, 148.53701782226562, 122.66630554199219, 110.93911743164062, 116.8928451538086, 148.97793579101562, 124.51980590820312, 98.26872253417969, 129.7190399169922, 120.23435974121094, 147.4077911376953, 125.70642852783203, 126.52642059326172, 122.85830688476562, 139.20687866210938, 109.25556945800781, 101.56156158447266, 145.65757751464844, 125.38929748535156, 161.86984252929688, 120.67257690429688, 135.14361572265625, 151.44960021972656, 143.3700408935547, 153.5741424560547, 136.69766235351562, 107.13621520996094, 126.72727966308594, 99.602294921875, 114.927734375, 155.05764770507812, 145.2742919921875, 112.10735321044922, 114.12603759765625, 108.77438354492188, 128.79330444335938, 133.08529663085938, 103.28166198730469, 105.73625183105469, 138.42530822753906, 104.42781829833984, 123.4543228149414, 131.80935668945312, 202.61331176757812, 122.82441711425781, 101.22440338134766, 162.27685546875, 191.6881103515625, 151.94403076171875, 130.1446075439453, 125.90790557861328, 105.17967224121094, 138.23883056640625, 105.0166015625, 109.33995056152344, 123.64396667480469, 119.27967071533203, 102.14463806152344, 102.78898620605469, 204.81314086914062, 114.50355529785156, 138.92288208007812, 150.77194213867188, 209.46868896484375, 122.5289077758789, 131.1546173095703, 172.26177978515625, 110.15388488769531, 129.5785369873047, 116.65718841552734, 111.96205139160156, 150.34619140625, 132.99691772460938, 201.83770751953125, 121.11454010009766, 94.57514190673828, 107.27935028076172, 98.47940826416016, 222.62576293945312, 145.7899169921875, 146.4324493408203, 143.01123046875, 115.16192626953125, 124.74774169921875, 162.4923858642578, 231.97108459472656, 112.1533203125, 93.21800231933594, 92.38520812988281, 130.4632110595703, 144.8229522705078, 118.51315307617188, 142.2500762939453, 156.97535705566406, 127.38008117675781, 140.47860717773438, 133.5670928955078, 145.32052612304688, 146.9282989501953, 221.563232421875, 103.22734069824219, 174.21722412109375, 123.55123901367188, 121.24748992919922, 172.80702209472656, 138.14773559570312, 254.09371948242188, 141.22079467773438, 230.44833374023438, 111.38548278808594, 102.33590698242188, 160.60269165039062, 139.15065002441406, 184.92210388183594, 137.64903259277344, 154.29263305664062, 114.38078308105469, 149.22021484375, 249.7479248046875, 226.89385986328125, 110.94442749023438, 135.17318725585938, 247.61322021484375, 209.1107177734375, 170.17198181152344, 148.43653869628906, 167.10000610351562, 197.60037231445312, 135.87301635742188, 191.1918487548828, 93.58306884765625, 163.1295623779297, 205.87908935546875, 120.52438354492188, 175.6576385498047, 110.02733612060547, 217.92433166503906, 143.0690155029297, 144.08668518066406, 101.57249450683594, 135.52716064453125, 183.2530059814453, 232.9325714111328, 233.50526428222656, 156.58782958984375, 184.22998046875, 217.61936950683594]}