{"hyper_parameters": {"batch_size": 512, "hidden_dim": 128, "step_size": 0.001, "evaluation_samples": 1024, "rounds": 30000, "K": 1, "dataset_name": "mnist", "cuda_core": 7}, "loss_log": [1864.55078125, 1591.70751953125, 1392.6746826171875, 298.8765563964844, 1473.147705078125, 1269.9989013671875, 1228.68505859375, 1135.7921142578125, 1522.18798828125, 1432.973876953125, 856.1779174804688, 930.1310424804688, 935.1094360351562, NaN, 1063.456787109375, NaN, NaN, NaN, NaN, NaN, NaN, 951.2863159179688, NaN, NaN, NaN, NaN, NaN, 885.6978759765625, 891.69677734375, NaN, 792.5404663085938, NaN, 962.4962158203125, NaN, 983.533203125, NaN, NaN, 1354.21875, 2024.212158203125, 1895.84228515625, 1944.7857666015625, 1285.475341796875, 1455.336181640625, 715.9004516601562, 779.3275756835938, 803.876220703125, 796.59130859375, 793.9306640625, 791.4869384765625, 798.8759765625, 806.93994140625, 790.23291015625, 790.9095458984375, 800.4188232421875, 786.433349609375, 786.592529296875, 774.3023681640625, 783.87939453125, 785.9940185546875, 772.971435546875, 360.5541687011719, 362.0036315917969, 357.3409423828125, 360.97784423828125, 355.6072998046875, 359.3290100097656, 359.04925537109375, 361.45758056640625, 349.35235595703125, 356.7510070800781, 353.4935607910156, 354.7515869140625, 364.31793212890625, 352.02325439453125, 350.369384765625, 368.34942626953125, 361.27532958984375, 358.2574462890625, 367.49847412109375, 359.54705810546875, 361.549072265625, 367.8523254394531, 366.85931396484375, 365.31451416015625, 369.62860107421875, 354.349853515625, 356.428955078125, 362.4891357421875, 363.8367614746094, 363.374755859375, 362.32281494140625, 355.35113525390625, 358.38397216796875, 382.1280517578125, 369.0423889160156, 357.0414733886719, 346.64520263671875, 360.2187194824219, 358.3392028808594, 353.7926025390625, 358.2604675292969, 359.1797790527344, 357.44921875, 356.3518981933594, 356.788818359375, 355.8423767089844, 360.1207275390625, 372.06060791015625, 360.53814697265625, 364.5411071777344, 358.0786437988281, 367.40570068359375, 369.033203125, 361.4795227050781, 348.54803466796875, 351.5933532714844, 368.0672607421875, 363.718994140625, 354.4238586425781, 355.88067626953125, 367.9119567871094, 360.54736328125, 354.8381042480469, 355.6880187988281, 355.87603759765625, 353.8139953613281, 366.00506591796875, 365.4809265136719, 349.02484130859375, 355.4842529296875, 359.4078063964844, 349.7573547363281, 352.4039306640625, 360.5028076171875, 361.5195617675781, 368.0361022949219, 368.97222900390625, 368.7364501953125, 368.7403869628906, 352.38275146484375, 356.7064514160156, 350.4609680175781, 360.0111083984375, 365.05340576171875, 356.34735107421875, 347.8428039550781, 363.22802734375, 362.9791259765625, 364.36395263671875, 361.89776611328125, 356.1251220703125]}