{"hyper_parameters": {"batch_size": 512, "hidden_dim": 128, "step_size": 0.001, "evaluation_samples": 1024, "rounds": 30000, "K": 10, "dataset_name": "mnist", "cuda_core": 3}, "loss_log": [1788.8193359375, 452.33258056640625, 454.923828125, 453.68975830078125, NaN, NaN, NaN, NaN, NaN, NaN, NaN, NaN, NaN, NaN, NaN, NaN, 1559.847412109375, NaN, NaN, NaN, NaN, NaN, NaN, NaN, NaN, NaN, NaN, NaN, NaN, NaN, 1567.724853515625, NaN, NaN, NaN, NaN, NaN, NaN, NaN, NaN, NaN, NaN, NaN, NaN, NaN, NaN, NaN, NaN, NaN, NaN, NaN, NaN, NaN, NaN, 1561.6478271484375, NaN, NaN, NaN, NaN, NaN, NaN, NaN, NaN, NaN, NaN, NaN, NaN, NaN, NaN, NaN, NaN, NaN, NaN, NaN, NaN, NaN, NaN, 1573.145263671875, NaN, NaN, NaN, NaN, NaN, NaN, NaN, NaN, NaN, NaN, NaN, NaN, 1558.5615234375, NaN, NaN, NaN, NaN, NaN, NaN, 1569.220458984375, NaN, NaN, NaN, NaN, NaN, NaN, NaN, NaN, NaN, 1570.744140625, 1558.284912109375, NaN, NaN, NaN, NaN, NaN, NaN, NaN, NaN, NaN, NaN, NaN, NaN, NaN, NaN, NaN, NaN, NaN, 1563.889892578125, NaN, NaN, NaN, NaN, NaN, 1565.39404296875, NaN, NaN, 1561.4140625, NaN, 1563.4266357421875, NaN, NaN, NaN, NaN, 1565.81689453125, NaN, NaN, NaN, NaN, 1563.5157470703125, NaN, 1561.83984375, NaN, NaN]}