{"hyper_parameters": {"batch_size": 512, "hidden_dim": 128, "step_size": 1e-06, "evaluation_samples": 1024, "rounds": 20000, "K": 5, "dataset_name": "cifar10", "cuda_core": 5}, "loss_log": [1505.9710693359375, 1447.8284912109375, 1499.2010498046875, 1380.6104736328125, 1270.25146484375, 836.9315185546875, 544.715087890625, 513.0521850585938, 531.6339111328125, 585.7530517578125, 622.83984375, 628.348388671875, 702.9691162109375, 812.2964477539062, 819.6630859375, 890.3802490234375, 745.8125610351562, 869.2874755859375, 917.9095458984375, 898.504150390625, 769.7006225585938, 743.1953125, 756.178466796875, 647.0932006835938, 606.0655517578125, 618.3320922851562, 700.9647827148438, 636.9873046875, 596.6498413085938, 584.1746826171875, 520.4442138671875, 485.0415344238281, 499.824462890625, 439.3118896484375, 410.0162048339844, 438.001708984375, 371.153076171875, 347.58050537109375, 321.5181884765625, 307.21820068359375, 342.2336730957031, 334.3346862792969, 335.17333984375, 316.60968017578125, 294.13848876953125, 273.72650146484375, 296.56756591796875, 325.2493591308594, 273.1277160644531, 293.727294921875, 313.77703857421875]}