{"hyper_parameters": {"batch_size": 512, "hidden_dim": 128, "step_size": 1e-06, "evaluation_samples": 1024, "rounds": 30000, "K": 2, "dataset_name": "mnist", "cuda_core": 3}, "loss_log": [1610.6812744140625, 1716.730224609375, 1784.8905029296875, 1658.5999755859375, 1608.544677734375, 1189.3404541015625, 1421.3953857421875, 1586.16650390625, 1567.48095703125, 1611.3614501953125, 1575.556396484375, 1530.511962890625, 1520.546875, 1555.5301513671875, 1515.349609375, 1556.172119140625, 1636.5498046875, 1673.297119140625, 1699.341552734375, 1590.472900390625, 1460.10888671875, 1475.579345703125, 1075.22509765625, 1136.4290771484375, 1116.0064697265625, 1075.4580078125, 1277.44921875, 1334.184326171875, 1371.7999267578125, 1466.345947265625, 1516.4100341796875, 1550.244140625, 1608.1741943359375, 1691.1480712890625, 1754.221923828125, 1873.8558349609375, 1845.93359375, 1752.1666259765625, 1795.2391357421875, 1669.3231201171875, 1649.67822265625, 1615.3956298828125, 1607.6605224609375, 1665.761962890625, 1628.860107421875, 1577.204345703125, 1479.6253662109375, 1460.4925537109375, 1447.168701171875, 1172.17041015625, 1227.82861328125, 1317.10205078125, 1304.5748291015625, 1250.0511474609375, 1387.6331787109375, 1506.0596923828125, 1525.4422607421875, 1610.4034423828125, 371.5137634277344, 622.503173828125, 787.1516723632812, 919.0462646484375, 1075.677490234375, 1197.012939453125, 1601.577880859375, 1954.888671875, 2252.254150390625, 2249.83740234375, 2219.230712890625, 2140.733154296875, 2037.201904296875, 1998.0400390625, 1953.3692626953125, 1920.703369140625, 1915.031982421875, 1927.857421875, 1869.961669921875, 1827.190673828125, 1813.836669921875, 1673.67333984375, 1505.6236572265625, 1127.7816162109375, 914.9028930664062, 807.1160888671875, 814.0012817382812, 855.5587158203125, 874.7186889648438, 898.8562622070312, 906.7183837890625, 918.71630859375, 926.00830078125, 953.663330078125, 951.2290649414062, 961.1569213867188, 885.731201171875, 884.239013671875, 851.0028076171875, 855.3140258789062, 854.3502807617188, 821.782958984375, 812.137939453125, 813.8573608398438, 801.5284423828125, 802.37353515625, 824.68408203125, 859.5711669921875, 868.2877197265625, 881.9971923828125, 894.0384521484375, 913.1168212890625, 931.24609375, 982.7924194335938, 982.579345703125, 1004.62646484375, 1045.4058837890625, 1042.46337890625, 1112.5516357421875, 1168.1851806640625, 1179.8173828125, 1226.343017578125, 1234.46923828125, 1247.9053955078125, 1314.12744140625, 1368.7401123046875, 1389.148681640625, 1389.802490234375, 1441.4288330078125, 1426.063232421875, 1429.7774658203125, 1433.55908203125, 1435.96435546875, 1479.69140625, 1482.0458984375, 1489.293701171875, 1474.7210693359375, 1487.8336181640625, 1482.21142578125, 1499.75439453125, 1516.009033203125, 1522.605224609375, 1521.5234375, 1506.797607421875, 1500.299072265625, 1507.7352294921875, 1496.7215576171875, 1531.25244140625, 1523.880859375, 1557.914306640625, 1572.8759765625, 1559.8819580078125, 1577.46728515625]}