{"hyper_parameters": {"batch_size": 512, "hidden_dim": 128, "step_size": 1e-06, "evaluation_samples": 1024, "rounds": 20000, "K": 10, "dataset_name": "svhn", "cuda_core": 6}, "loss_log": [1522.7489013671875, 1456.13232421875, 1425.614990234375, 1457.54296875, 1412.865234375, 1293.5994873046875, 841.7012939453125, 690.4915771484375, 742.7276611328125, 820.2181396484375, 680.5980224609375, 621.6576538085938, 510.43206787109375, 515.9580078125, 568.773193359375, 458.8076171875, 476.1796875, 534.5912475585938, 491.8961181640625, 382.9931640625, 415.28753662109375, 398.586181640625, 409.84661865234375, 434.818115234375, 355.6134338378906, 356.03753662109375, 410.2718200683594, 360.5970153808594, 409.4569091796875, 416.7775573730469, 343.69647216796875, 359.5113220214844, 351.4670715332031, 356.2578125, 379.99676513671875, 375.19122314453125, 394.73614501953125, 377.74444580078125, 374.7255859375, 405.94378662109375, 377.9189453125, 344.5448303222656, 344.81378173828125, 344.42364501953125, 354.7610778808594, 349.60211181640625, 387.7841796875, 367.1890563964844, 341.28790283203125, 326.23260498046875, 294.7829284667969, 307.33642578125, 301.8608703613281, 317.443115234375, 347.83013916015625, 343.49981689453125, 325.838623046875, 302.7694396972656, 305.3398132324219, 313.70526123046875, 334.24420166015625, 318.71307373046875, 295.9378662109375, 315.33148193359375, 293.4206237792969, 310.40264892578125, 337.53924560546875, 313.0223388671875, 317.8671875, 287.9789123535156, 288.32391357421875, 270.9817810058594, 295.9272766113281, 264.6534423828125, 281.40386962890625, 257.9649658203125, 293.94964599609375, 274.6713562011719, 282.56121826171875, 288.25390625, 283.125244140625, 270.5968933105469, 259.14373779296875, 262.3028869628906, 257.43731689453125, 282.8832702636719, 278.30230712890625, 281.3808288574219, 281.3030090332031, 280.17669677734375, 293.32196044921875, 287.94287109375, 301.735595703125, 262.1715393066406, 270.6629638671875, 289.6207580566406, 290.8276062011719, 279.24005126953125, 300.20355224609375, 270.67767333984375, 290.69677734375]}