{"hyper_parameters": {"batch_size": 512, "hidden_dim": 128, "step_size": 1e-05, "evaluation_samples": 1024, "rounds": 30000, "K": 5, "dataset_name": "mnist", "cuda_core": 0}, "loss_log": [1919.1954345703125, 200.03318786621094, 37.53976821899414, 33.504703521728516, 25.329524993896484, 15.540731430053711, 23.844223022460938, 18.092269897460938, 12.15073299407959, 12.142231941223145, 13.253190994262695, 12.659272193908691, 12.229865074157715, 11.363235473632812, 11.17269515991211, 11.610404968261719, 9.650825500488281, 11.581127166748047, 8.946727752685547, 10.4717378616333, 9.892441749572754, 9.618227005004883, 12.604201316833496, 11.798678398132324, 9.229788780212402, 8.549494743347168, 12.719287872314453, 9.39612865447998, 10.399221420288086, 9.31520938873291, 9.76176643371582, 9.991018295288086, 9.987554550170898, 9.11185073852539, 8.97502613067627, 10.570305824279785, 9.216760635375977, 9.429584503173828, 10.150629043579102, 10.985610961914062, 11.020374298095703, 11.604896545410156, 10.41628646850586, 12.031684875488281, 9.859575271606445, 9.538323402404785, 10.948848724365234, 9.280515670776367, 12.462372779846191, 10.747722625732422, 9.164958953857422, 12.163908004760742, 10.676311492919922, 11.161117553710938, 10.814146041870117, 11.688359260559082, 11.707759857177734, 11.970361709594727, 11.05410099029541, 11.32118034362793, 11.392311096191406, 10.808174133300781, 12.285152435302734, 11.596170425415039, 10.180928230285645, 13.10205078125, 13.128921508789062, 11.199505805969238, 11.913820266723633, 9.350910186767578, 14.978598594665527, 14.89186954498291, 12.449145317077637, 11.51905345916748, 12.117204666137695, 11.469353675842285, 11.652693748474121, 16.220706939697266, 14.232205390930176, 11.79022216796875, 13.256401062011719, 13.950202941894531, 14.142642974853516, 17.03677749633789, 13.72692584991455, 11.325681686401367, 11.5159912109375, 11.181337356567383, 11.873444557189941, 13.058441162109375, 12.791608810424805, 12.638389587402344, 10.392520904541016, 11.033641815185547, 11.963400840759277, 11.999898910522461, 9.96889877319336, 10.71532154083252, 12.413012504577637, 12.651420593261719, 9.488781929016113, 9.835488319396973, 10.863035202026367, 10.527502059936523, 10.132781028747559, 13.100321769714355, 13.103262901306152, 9.158413887023926, 10.53369140625, 11.225062370300293, 11.107219696044922, 11.51763916015625, 10.064225196838379, 12.582990646362305, 11.86139965057373, 11.054237365722656, 9.61715316772461, 11.978385925292969, 11.519420623779297, 11.242927551269531, 10.920014381408691, 11.226036071777344, 12.75914192199707, 13.559694290161133, 9.293817520141602, 10.316058158874512, 10.119039535522461, 10.723825454711914, 8.843043327331543, 11.672470092773438, 11.448609352111816, 11.904226303100586, 11.541383743286133, 9.655407905578613, 10.948531150817871, 12.674354553222656, 13.361676216125488, 9.491559982299805, 8.972497940063477, 9.50475788116455, 10.653973579406738, 12.394246101379395, 11.866084098815918, 9.116185188293457, 12.086064338684082, 12.182339668273926, 9.576312065124512, 13.585031509399414, 12.22885513305664, 11.563258171081543, 8.892948150634766]}