{"hyper_parameters": {"batch_size": 512, "hidden_dim": 128, "step_size": 1e-06, "evaluation_samples": 1024, "rounds": 20000, "K": 1, "dataset_name": "cifar10", "cuda_core": 2}, "loss_log": [1428.9951171875, 1408.371826171875, 1397.349365234375, 1419.729736328125, 1430.735595703125, 1416.205322265625, 1457.867919921875, 1470.8623046875, 1414.965087890625, 1353.7786865234375, 1404.068115234375, 1569.84033203125, 1523.1314697265625, 1453.946533203125, 1463.718994140625, 1400.881591796875, 1413.642333984375, 1394.6793212890625, 1399.15380859375, 1553.5181884765625, 1532.7913818359375, 1433.124755859375, 1461.8465576171875, 1632.533447265625, 1538.921142578125, 1395.54248046875, 1252.370361328125, 1250.848876953125, 1170.751220703125, 1016.1213989257812, 1039.9649658203125, 955.2342529296875, 945.5555419921875, 884.98828125, 784.98681640625, 698.4340209960938, 638.5232543945312, 617.0997314453125, 540.8075561523438, 540.5079345703125, 510.1898193359375, 570.9755859375, 561.2802124023438, 573.96630859375, 564.184814453125, 570.603271484375, 510.7086486816406, 494.2078857421875, 470.9184265136719, 475.4476623535156, 509.7327880859375]}