{"hyper_parameters": {"batch_size": 512, "hidden_dim": 128, "step_size": 1e-05, "evaluation_samples": 1024, "rounds": 30000, "K": 1, "dataset_name": "mnist", "cuda_core": 5}, "loss_log": [1691.4383544921875, 1698.535888671875, 1662.1422119140625, 1442.798828125, 934.4035034179688, 1429.2125244140625, 1426.4097900390625, 1766.50732421875, 1728.6787109375, 534.3901977539062, 980.0233764648438, 1279.511962890625, 955.4319458007812, 1116.5263671875, 1318.8118896484375, 1401.3292236328125, 1499.50048828125, 1716.5777587890625, 1641.2095947265625, 1627.6875, 1634.371826171875, 1789.34130859375, 1760.107177734375, 1646.429931640625, 1427.081787109375, 1130.4273681640625, 1111.0078125, 1427.12841796875, 1518.0701904296875, 1540.5655517578125, 1488.67626953125, 1586.561767578125, 1457.93701171875, 1419.3555908203125, 1241.602294921875, 970.604736328125, 1066.54296875, 1128.0343017578125, 1301.4912109375, 428.41143798828125, 1168.1702880859375, 965.0055541992188, 1028.508544921875, 1475.6932373046875, 1466.4180908203125, 342.9793395996094, 218.08807373046875, 205.80963134765625, 226.60800170898438, 283.639892578125, 819.388671875, 1294.090576171875, 1544.22705078125, 1616.5133056640625, 1683.9505615234375, 1657.84423828125, 1698.5501708984375, 1707.163330078125, 1719.2630615234375, 1692.623291015625, 1654.412109375, 1653.962646484375, 1614.1126708984375, 1195.97119140625, 832.565185546875, 1212.94970703125, 732.6013793945312, 604.1508178710938, 651.3995361328125, 742.1116943359375, 1333.18408203125, 1612.5791015625, 1771.011474609375, 1318.623291015625, 202.74862670898438, 153.2631378173828, 174.3331298828125, 228.66787719726562, 188.03192138671875, 176.14016723632812, 158.11685180664062, 197.36474609375, 189.37969970703125, 191.71311950683594, 149.2803955078125, 164.41159057617188, 211.08421325683594, 253.36358642578125, 276.42364501953125, 263.4486389160156, 232.4641876220703, 507.77703857421875, 771.9454345703125, 716.1121826171875, 713.6007690429688, 728.9015502929688, 917.968017578125, 909.026123046875, 434.42132568359375, 527.5826416015625, 505.926513671875, 468.1702880859375, 480.16009521484375, 448.0251159667969, 373.26666259765625, 404.26397705078125, 410.8432312011719, 443.59967041015625, 462.6986389160156, 446.1761169433594, 468.25433349609375, 431.2725830078125, 505.89483642578125, 505.98779296875, 545.3426513671875, 139.452392578125, 238.45614624023438, 145.26820373535156, 127.01564025878906, 124.0470199584961, 124.57388305664062, 76.37857818603516, 69.76140594482422, 39.7503547668457, 32.7308464050293, 28.871248245239258, 27.196630477905273, 24.787248611450195, 23.261062622070312, 23.734161376953125, 21.255029678344727, 16.074787139892578, 15.883590698242188, 14.912676811218262, 13.961538314819336, 14.464959144592285, 11.970783233642578, 12.676895141601562, 11.724687576293945, 11.960870742797852, 10.6211519241333, 11.062718391418457, 10.874460220336914, 10.867805480957031, 11.90877628326416, 10.165414810180664, 10.185118675231934, 10.78092098236084, 11.331972122192383, 9.1372652053833, 9.646995544433594]}