{"hyper_parameters": {"batch_size": 512, "hidden_dim": 128, "step_size": 1e-05, "evaluation_samples": 1024, "rounds": 20000, "K": 2, "dataset_name": "cifar10", "cuda_core": 6}, "loss_log": [1582.1435546875, 1435.0069580078125, 563.750244140625, 395.29681396484375, 454.92254638671875, 507.674072265625, 577.494140625, 409.9496765136719, 405.46588134765625, 422.1048583984375, 447.4677734375, 372.5672912597656, 528.2611694335938, 386.6673583984375, 321.83721923828125, 295.056396484375, 256.9861755371094, 282.74066162109375, 253.1597442626953, 242.02488708496094, 263.39453125, 229.1522216796875, 233.98788452148438, 280.0228271484375, 227.60494995117188, 237.54539489746094, 227.38934326171875, 235.07681274414062, 223.75511169433594, 203.55067443847656, 191.15769958496094, 188.40338134765625, 186.051513671875, 191.75265502929688, 185.31817626953125, 189.2259521484375, 183.51036071777344, 214.33587646484375, 193.1798095703125, 172.10757446289062, 170.9273681640625, 170.9942626953125, 166.66482543945312, 198.10720825195312, 201.665283203125, 206.2039794921875, 172.10635375976562, 168.3372802734375, 153.64328002929688, 155.07455444335938, 168.7760009765625]}