{"hyper_parameters": {"batch_size": 512, "hidden_dim": 128, "step_size": 1e-06, "evaluation_samples": 1024, "rounds": 20000, "K": 1, "dataset_name": "svhn", "cuda_core": 2}, "loss_log": [1634.7916259765625, 1630.23681640625, 1608.844970703125, 1604.8341064453125, 1600.558837890625, 1553.394287109375, 1534.136474609375, 1516.6729736328125, 1502.782958984375, 1485.92529296875, 1484.4156494140625, 1485.1845703125, 1446.1199951171875, 1438.3363037109375, 1477.2259521484375, 1529.2054443359375, 1528.6239013671875, 1496.504150390625, 1457.386962890625, 1475.421875, 1499.1986083984375, 1496.6402587890625, 1475.5780029296875, 1470.13720703125, 1508.64404296875, 1437.6240234375, 1379.134033203125, 1409.062744140625, 1351.75048828125, 1346.378662109375, 1376.126708984375, 1413.6376953125, 1429.0887451171875, 1413.712646484375, 1388.765869140625, 1357.168701171875, 1361.9296875, 1404.7342529296875, 1428.3642578125, 1418.64111328125, 1397.2288818359375, 1360.2333984375, 1314.823974609375, 1229.5865478515625, 1212.3759765625, 1145.5833740234375, 1060.89892578125, 950.6314697265625, 898.3264770507812, 831.5840454101562, 800.1103515625, 796.5237426757812, 764.4932250976562, 740.87890625, 737.373291015625, 771.2356567382812, 750.5164184570312, 736.2703857421875, 717.07275390625, 755.3853149414062, 716.49951171875, 758.6021728515625, 698.9685668945312, 706.0179443359375, 649.5955200195312, 733.1277465820312, 824.6082763671875, 832.593994140625, 895.932373046875, 887.9202880859375, 833.847412109375, 779.07861328125, 738.2177734375, 749.218017578125, 713.6907958984375, 690.7464599609375, 723.18798828125, 723.6602783203125, 743.613525390625, 699.9263916015625, 661.2953491210938, 687.5062866210938, 710.709716796875, 719.57763671875, 687.4838256835938, 667.7093505859375, 657.689208984375, 627.3095703125, 590.728271484375, 584.4634399414062, 567.037841796875, 557.9122314453125, 583.8602294921875, 587.7232055664062, 613.6696166992188, 657.805419921875, 689.4257202148438, 614.6666259765625, 585.2945556640625, 557.9134521484375, 502.4088134765625]}