{"hyper_parameters": {"batch_size": 512, "hidden_dim": 128, "step_size": 1e-05, "evaluation_samples": 1024, "rounds": 30000, "K": 3, "dataset_name": "mnist", "cuda_core": 7}, "loss_log": [1823.731689453125, 1473.5697021484375, 133.78121948242188, 34.833900451660156, 26.77661895751953, 22.345138549804688, 25.938232421875, 17.966989517211914, 16.520158767700195, 12.930809020996094, 13.452815055847168, 12.568052291870117, 12.17015552520752, 13.12690258026123, 12.00324821472168, 13.929854393005371, 11.976442337036133, 10.227204322814941, 10.743444442749023, 11.20108699798584, 12.422099113464355, 11.113619804382324, 10.547088623046875, 9.609518051147461, 10.935239791870117, 10.546183586120605, 10.013948440551758, 11.773225784301758, 10.897096633911133, 9.719332695007324, 9.879854202270508, 9.316564559936523, 11.374930381774902, 8.719484329223633, 9.804086685180664, 9.798593521118164, 9.698585510253906, 9.249631881713867, 10.00247573852539, 8.961442947387695, 9.515581130981445, 9.793670654296875, 10.990789413452148, 9.818771362304688, 10.034088134765625, 10.05308723449707, 9.487573623657227, 10.136777877807617, 9.985794067382812, 9.965019226074219, 10.115832328796387, 11.193197250366211, 10.039875030517578, 9.19624137878418, 14.012680053710938, 8.939245223999023, 9.234785079956055, 9.32032299041748, 9.615374565124512, 10.002381324768066, 8.975831031799316, 9.052375793457031, 10.42308235168457, 9.470357894897461, 8.610069274902344, 9.126622200012207, 10.857704162597656, 8.736078262329102, 9.254841804504395, 9.147794723510742, 8.950859069824219, 9.670973777770996, 9.90311336517334, 10.295551300048828, 8.970732688903809, 9.159141540527344, 8.61140251159668, 8.946622848510742, 11.254518508911133, 10.753265380859375, 10.07852554321289, 10.234639167785645, 9.108004570007324, 9.70396614074707, 9.743839263916016, 9.2029447555542, 9.28925609588623, 8.605988502502441, 9.29584789276123, 9.591240882873535, 8.99026870727539, 8.416047096252441, 9.213311195373535, 10.22591495513916, 9.46605396270752, 9.262810707092285, 9.790704727172852, 10.3302640914917, 9.65567398071289, 9.84600830078125, 9.844012260437012, 9.488999366760254, 10.006461143493652, 10.191056251525879, 12.836068153381348, 9.08406925201416, 9.943097114562988, 10.780172348022461, 9.134795188903809, 9.690958976745605, 9.214105606079102, 8.52664566040039, 8.864234924316406, 10.098456382751465, 10.16151237487793, 9.910260200500488, 11.409192085266113, 10.387927055358887, 8.116011619567871, 9.256763458251953, 10.948173522949219, 9.353790283203125, 10.25796890258789, 11.147502899169922, 9.130330085754395, 8.708795547485352, 11.15619945526123, 10.979950904846191, 10.284086227416992, 10.031776428222656, 8.86144733428955, 9.631715774536133, 9.738666534423828, 9.560530662536621, 10.06558895111084, 9.8864164352417, 8.825959205627441, 9.248740196228027, 8.75245475769043, 10.09621810913086, 10.13408374786377, 10.919999122619629, 11.00349235534668, 9.871410369873047, 9.095945358276367, 9.20419979095459, 9.885820388793945, 9.396225929260254, 11.165722846984863, 9.566492080688477, 8.732446670532227]}