{"hyper_parameters": {"batch_size": 512, "hidden_dim": 128, "step_size": 1e-05, "evaluation_samples": 1024, "rounds": 20000, "K": 10, "dataset_name": "cifar10", "cuda_core": 1}, "loss_log": [1621.1470947265625, 433.3677978515625, 470.5208740234375, 377.8321533203125, 242.39486694335938, 207.2615203857422, 224.47116088867188, 205.8543243408203, 192.9449462890625, 195.09498596191406, 212.44131469726562, 180.96327209472656, 168.5626983642578, 175.63705444335938, 132.05926513671875, 166.60568237304688, 145.1425018310547, 143.017333984375, 127.12727355957031, 119.09909057617188, 134.61756896972656, 121.13092041015625, 136.9408416748047, 122.95585632324219, 149.2803955078125, 131.3966827392578, 104.41527557373047, 135.7702178955078, 110.18331909179688, 115.203125, 113.33642578125, 109.35482788085938, 114.50731658935547, 116.38385009765625, 124.36225891113281, 116.02192687988281, 114.54704284667969, 122.5902099609375, 101.89581298828125, 96.10839080810547, 108.57147216796875, 108.61378479003906, 111.94882202148438, 113.59510803222656, 96.36184692382812, 106.77017211914062, 130.975341796875, 130.72438049316406, 101.69075775146484, 96.11331176757812, 107.76097869873047]}