{"hyper_parameters": {"batch_size": 512, "hidden_dim": 128, "step_size": 1e-06, "evaluation_samples": 1024, "rounds": 30000, "K": 3, "dataset_name": "mnist", "cuda_core": 4}, "loss_log": [1865.005615234375, 1697.7457275390625, 1177.9530029296875, 1462.989990234375, 1794.794677734375, 1656.555419921875, 1624.772216796875, 1829.287109375, 1798.9139404296875, 1619.68017578125, 1041.0242919921875, 986.2969970703125, 1183.7738037109375, 1438.5506591796875, 1539.352294921875, 1786.0887451171875, 1846.9427490234375, 1852.8848876953125, 1828.480224609375, 1826.1790771484375, 1832.242919921875, 1757.1053466796875, 1550.2275390625, 1275.29931640625, 1232.591796875, 1300.3775634765625, 1392.29150390625, 1338.553955078125, 1397.9503173828125, 1600.278564453125, 1687.2255859375, 1865.641357421875, 1925.890380859375, 128.52682495117188, 103.01717376708984, 195.39773559570312, 91.52540588378906, 97.57769012451172, 60.997657775878906, 64.53767395019531, 78.18318939208984, 40.120262145996094, 46.30198287963867, 48.600711822509766, 34.952247619628906, 34.31630325317383, 30.896696090698242, 28.07239532470703, 25.732393264770508, 24.248262405395508, 21.09029769897461, 23.08666229248047, 20.548219680786133, 18.567129135131836, 17.05181884765625, 16.886260986328125, 16.250497817993164, 17.43041229248047, 15.668959617614746, 16.332609176635742, 15.692821502685547, 15.082348823547363, 16.60858917236328, 16.0343074798584, 14.627226829528809, 14.047590255737305, 15.379631042480469, 13.16911506652832, 13.356534004211426, 13.212335586547852, 13.243332862854004, 13.798013687133789, 13.948800086975098, 12.484006881713867, 13.422979354858398, 13.74765396118164, 12.007229804992676, 13.619268417358398, 12.852071762084961, 13.130743026733398, 12.467535018920898, 12.952302932739258, 11.719893455505371, 12.160896301269531, 13.613649368286133, 11.793664932250977, 12.865788459777832, 12.028489112854004, 13.903806686401367, 12.62980842590332, 12.172615051269531, 13.38493537902832, 13.042778015136719, 11.286575317382812, 12.202799797058105, 12.623072624206543, 10.952957153320312, 13.328218460083008, 11.85400104522705, 10.576428413391113, 11.255356788635254, 11.358360290527344, 10.975088119506836, 10.686232566833496, 11.08948802947998, 13.80272102355957, 11.814748764038086, 11.93155288696289, 11.220101356506348, 11.707526206970215, 12.824228286743164, 11.539575576782227, 11.664470672607422, 10.426271438598633, 11.184401512145996, 10.279850959777832, 11.460575103759766, 11.167314529418945, 11.494524002075195, 10.053230285644531, 10.796366691589355, 11.564361572265625, 10.384066581726074, 10.307795524597168, 10.056183815002441, 11.608282089233398, 11.182910919189453, 11.133359909057617, 11.402231216430664, 10.972393035888672, 10.973432540893555, 10.870479583740234, 10.769997596740723, 9.860525131225586, 10.698911666870117, 9.609855651855469, 9.449703216552734, 9.96753215789795, 9.78134822845459, 9.396656036376953, 9.86137580871582, 11.198055267333984, 10.096719741821289, 10.374080657958984, 10.229753494262695, 9.964836120605469, 9.458558082580566, 9.783308029174805, 11.085816383361816, 10.463790893554688, 10.609697341918945]}