{"hyper_parameters": {"batch_size": 512, "hidden_dim": 128, "step_size": 1e-05, "evaluation_samples": 256, "rounds": 50000, "K": 1, "dataset_name": "svhn", "cuda_core": 5}, "loss_log": [1479.35986328125, 1530.742431640625, 1559.6405029296875, 1589.968017578125, 1447.943115234375, 1636.322265625, 1529.1409912109375, 1493.815185546875, 1415.050537109375, 1387.3876953125, 1339.987548828125, 1434.32666015625, 1281.3013916015625, 1176.433837890625, 1096.096923828125, 947.5155639648438, 1104.414306640625, 1027.812744140625, 1054.588134765625, 1024.3759765625, 966.9511108398438, 1464.8775634765625, 1269.770263671875, 919.1685791015625, 1100.7802734375, 892.5789794921875, 1296.317626953125, 1566.3046875, 1137.66015625, 1165.748046875, 1069.947021484375, 911.2493286132812, 993.26123046875, 970.4050903320312, 1042.32666015625, 1223.6749267578125, 823.7808837890625, 1060.1546630859375, 1694.397705078125, 1029.49365234375, 853.06298828125, 820.1205444335938, 747.3876953125, 942.0110473632812, 821.53076171875, 725.4009399414062, 659.53466796875, 641.5607299804688, 621.3043212890625, 639.67041015625, 579.6026611328125, 627.61767578125, 521.89697265625, 783.609619140625, 626.08984375, 528.264892578125, 687.6210327148438, 683.4638671875, 913.69873046875, 525.0943603515625, 673.03369140625, 476.6834716796875, 516.9070434570312, 602.2750244140625, 548.728271484375, 433.96014404296875, 499.7839050292969, 697.8641357421875, 468.25323486328125, 500.6398620605469, 427.616455078125, 466.7293701171875, 572.939208984375, 580.8124389648438, 542.0697021484375, 414.0586242675781, 421.5132751464844, 400.6298828125, 455.4394836425781, 424.4240417480469, 408.1443176269531, 491.25421142578125, 515.2108154296875, 395.8499755859375, 538.4979248046875, 373.5759582519531, 542.6268920898438, 393.8318786621094, 452.6331481933594, 503.380859375, 381.1756591796875, 439.33831787109375, 465.5441589355469, 418.4161071777344, 313.0233459472656, 449.880126953125, 424.9389953613281, 369.0194396972656, 357.837890625, 547.4898071289062, 406.3115539550781, 478.9068908691406, 469.1276550292969, 341.1500549316406, 334.63031005859375, 335.4303894042969, 372.7240295410156, 359.43438720703125, 405.56500244140625, 584.5557861328125, 449.2417907714844, 444.24615478515625, 360.4542236328125, 298.4322509765625, 315.5389099121094, 289.6658020019531, 359.2367248535156, 332.22662353515625, 297.1524658203125, 341.5279541015625, 259.7118225097656, 330.87469482421875, 316.69561767578125, 321.92236328125, 297.158935546875, 392.2763671875, 345.5542907714844, 339.4537353515625, 304.1477966308594, 371.6051025390625, 447.83685302734375, 284.98590087890625, 346.64459228515625, 318.552734375, 321.77911376953125, 307.4305114746094, 277.21746826171875, 336.18243408203125, 338.0829772949219, 207.95346069335938, 314.4326171875, 265.9245300292969, 312.6386413574219, 275.55401611328125, 281.153076171875, 216.78680419921875, 281.50738525390625, 296.14263916015625, 282.8567199707031, 229.6831817626953, 233.39512634277344, 281.38232421875, 245.7698211669922, 283.4708251953125, 257.95587158203125, 228.43035888671875, 338.27667236328125, 242.15939331054688, 351.7864990234375, 244.19967651367188, 227.85491943359375, 357.383544921875, 204.2505645751953, 371.99371337890625, 217.53460693359375, 243.66046142578125, 255.8797607421875, 313.9407958984375, 216.69302368164062, 283.9819641113281, 222.64956665039062, 272.36920166015625, 229.27931213378906, 221.39370727539062, 262.11553955078125, 296.447509765625, 222.45394897460938, 228.01388549804688, 247.3885040283203, 207.25064086914062, 226.36093139648438, 212.44747924804688, 278.1885070800781, 269.3404846191406, 248.79910278320312, 202.8769073486328, 237.3892822265625, 222.39620971679688, 262.9083557128906, 206.88650512695312, 287.05523681640625, 208.83737182617188, 205.81826782226562, 187.1319580078125, 267.26885986328125, 242.8135986328125, 187.2347412109375, 213.64349365234375, 188.79403686523438, 253.32196044921875, 213.54522705078125, 185.50535583496094, 204.013671875, 227.5156707763672, 230.19735717773438, 181.76052856445312, 227.07762145996094, 202.19415283203125, 225.61468505859375, 214.69873046875, 235.1383056640625, 181.63540649414062, 212.33596801757812, 228.7548370361328, 262.3511657714844, 207.2626190185547, 188.0032958984375, 197.10403442382812, 168.3077392578125, 172.46237182617188, 177.87290954589844, 224.0571746826172, 186.175048828125, 199.9715576171875, 225.1141357421875, 192.14398193359375, 224.66943359375, 169.68605041503906, 195.64950561523438, 265.26239013671875, 229.22030639648438, 169.8557586669922, 199.9896240234375, 235.25189208984375, 246.20742797851562, 211.68466186523438, 217.49041748046875, 181.7662811279297, 167.45970153808594, 195.73684692382812, 212.65353393554688, 226.24891662597656, 208.8716278076172, 208.1606903076172, 238.1632843017578, 223.07200622558594, 261.10064697265625, 226.66668701171875, 176.55580139160156, 200.07855224609375, 205.85353088378906]}