{"hyper_parameters": {"batch_size": 512, "hidden_dim": 128, "step_size": 1e-06, "evaluation_samples": 1024, "rounds": 30000, "K": 10, "dataset_name": "mnist", "cuda_core": 6}, "loss_log": [1724.0902099609375, 1364.562255859375, 1767.580078125, 1764.152099609375, 1759.993896484375, 1740.631103515625, 1670.98828125, 1649.6661376953125, 1814.1875, 1729.6717529296875, 1726.3848876953125, 1620.9320068359375, 1771.2166748046875, 1234.488525390625, 1653.1510009765625, 1897.2181396484375, 1940.4320068359375, 1777.354248046875, 1607.769287109375, 1596.40380859375, 1491.70654296875, 1432.45654296875, 1434.701171875, 1446.859130859375, 1430.7353515625, 1372.05810546875, 1423.331787109375, 1430.2960205078125, 1498.55712890625, 1499.536376953125, 1490.8223876953125, 1475.1856689453125, 1424.3984375, 1437.09765625, 1426.1165771484375, 1416.6553955078125, 1387.7098388671875, 1373.992431640625, 1385.5113525390625, 1406.106201171875, 1382.64013671875, 1399.73095703125, 1355.638916015625, 1345.7705078125, 1377.5509033203125, 1366.8988037109375, 1345.8861083984375, 1358.35595703125, 1371.783447265625, 1379.6981201171875, 1381.653076171875, 1394.0589599609375, 1357.94873046875, 1379.619873046875, 1381.7442626953125, 1367.863037109375, 1377.271484375, 1414.5821533203125, 1406.305908203125, 1423.7276611328125, 1410.094482421875, 1423.1343994140625, 1429.8841552734375, 1436.868408203125, 1432.5203857421875, 1445.258544921875, 1465.663818359375, 1466.37939453125, 1463.50146484375, 1445.942138671875, 1432.87841796875, 1462.9996337890625, 1428.7208251953125, 1442.7003173828125, 1462.3011474609375, 1466.0467529296875, 1474.9268798828125, 1463.7869873046875, 1450.184814453125, 1441.33642578125, 1455.2880859375, 1465.386474609375, 1442.674560546875, 1441.8917236328125, 1423.0867919921875, 1420.5145263671875, 1398.154541015625, 1424.689453125, 1415.9207763671875, 1437.968017578125, 1439.01220703125, 1494.31884765625, 1468.767822265625, 1474.66455078125, 1527.7734375, 1591.2401123046875, 1634.27294921875, 1648.177001953125, 1654.2943115234375, 1704.638671875, 1723.1822509765625, 1711.8253173828125, 1736.117919921875, 1724.6427001953125, 1734.3477783203125, 1716.590087890625, 150.9186553955078, 194.11932373046875, 97.7549819946289, 71.70829010009766, 50.44073486328125, 34.24668884277344, 38.94091033935547, 32.04961013793945, 25.759408950805664, 24.881906509399414, 22.63505744934082, 19.496919631958008, 17.683998107910156, 16.710142135620117, 15.502703666687012, 14.943808555603027, 13.756208419799805, 13.05186653137207, 13.340088844299316, 12.319621086120605, 13.759500503540039, 12.084880828857422, 13.64108657836914, 12.400158882141113, 12.53675365447998, 11.799492835998535, 12.634262084960938, 12.54507064819336, 11.159995079040527, 10.598180770874023, 10.992570877075195, 11.908217430114746, 10.487829208374023, 12.132665634155273, 10.775177955627441, 9.857919692993164, 10.081716537475586, 10.19743824005127, 10.366689682006836, 10.832438468933105, 10.873615264892578, 10.161163330078125, 9.868764877319336, 9.390856742858887, 10.597557067871094]}