{"hyper_parameters": {"batch_size": 512, "hidden_dim": 128, "step_size": 1e-06, "evaluation_samples": 1024, "rounds": 20000, "K": 5, "dataset_name": "svhn", "cuda_core": 5}, "loss_log": [1510.5240478515625, 1473.556640625, 1414.30224609375, 1424.3165283203125, 1435.8271484375, 1370.58447265625, 1397.6712646484375, 1333.322021484375, 1235.137451171875, 853.2230834960938, 815.1624145507812, 813.714599609375, 750.2568969726562, 693.7625122070312, 807.4207763671875, 806.19873046875, 732.1729125976562, 694.432861328125, 692.06884765625, 532.2256469726562, 635.8037109375, 644.155517578125, 570.5170288085938, 629.2106323242188, 495.38189697265625, 516.431640625, 470.52740478515625, 496.5733947753906, 412.404541015625, 432.63531494140625, 458.5033264160156, 420.88616943359375, 490.0122985839844, 548.4608154296875, 518.4498291015625, 515.0784301757812, 610.27880859375, 480.21685791015625, 427.2471923828125, 469.726318359375, 461.10955810546875, 503.49127197265625, 424.3482666015625, 427.35919189453125, 497.89703369140625, 414.03277587890625, 412.5638732910156, 349.3054504394531, 315.1190185546875, 316.2998962402344, 351.69659423828125, 319.5631103515625, 321.51153564453125, 374.4034118652344, 375.7091064453125, 348.3668518066406, 395.4557800292969, 377.35736083984375, 369.76055908203125, 381.38275146484375, 370.45501708984375, 408.15948486328125, 367.6121826171875, 409.6246032714844, 376.74139404296875, 447.249755859375, 442.56756591796875, 467.9239501953125, 434.523193359375, 399.8049011230469, 385.5850830078125, 469.4947204589844, 365.8349609375, 364.41845703125, 368.79193115234375, 403.347900390625, 334.17034912109375, 397.471435546875, 342.81488037109375, 367.01861572265625, 345.7464904785156, 382.3902587890625, 339.21527099609375, 359.4293518066406, 370.6141357421875, 375.18212890625, 372.6691589355469, 356.72259521484375, 326.72589111328125, 361.23651123046875, 336.08544921875, 327.19342041015625, 337.39044189453125, 321.0575866699219, 337.347900390625, 373.3515625, 342.919677734375, 375.807373046875, 358.0072937011719, 363.30767822265625, 387.8360595703125]}