{"hyper_parameters": {"batch_size": 512, "hidden_dim": 128, "step_size": 1e-05, "evaluation_samples": 1024, "rounds": 20000, "K": 1, "dataset_name": "cifar10", "cuda_core": 5}, "loss_log": [1557.1475830078125, 1514.2080078125, 1394.623291015625, 1556.4344482421875, 1130.0740966796875, 570.2391357421875, 390.94256591796875, 399.2077331542969, 554.2984008789062, 526.0379638671875, 620.5928344726562, 569.056640625, 402.38397216796875, 584.9993286132812, 455.2778015136719, 570.806884765625, 473.2139587402344, 355.5419616699219, 334.97149658203125, 491.8731689453125, 456.0893859863281, 481.62091064453125, 471.01336669921875, 343.32794189453125, 431.205810546875, 364.372314453125, 323.2724609375, 354.8345642089844, 290.63397216796875, 273.064208984375, 306.95184326171875, 289.4964599609375, 259.67181396484375, 226.69796752929688, 219.1005859375, 213.40086364746094, 216.9597930908203, 238.28114318847656, 219.59298706054688, 208.5079345703125, 192.203857421875, 248.5120391845703, 238.97000122070312, 216.2864990234375, 227.83670043945312, 188.62513732910156, 238.36856079101562, 207.59036254882812, 190.28282165527344, 209.3556365966797, 237.9414520263672]}