{"hyper_parameters": {"batch_size": 512, "hidden_dim": 128, "step_size": 1e-06, "evaluation_samples": 1024, "rounds": 30000, "K": 5, "dataset_name": "mnist", "cuda_core": 5}, "loss_log": [1847.1173095703125, 317.7197265625, 86.92115783691406, 68.21466064453125, 38.09499740600586, 37.70714569091797, 23.277690887451172, 25.585420608520508, 26.04738998413086, 24.254165649414062, 21.531761169433594, 21.798301696777344, 20.177684783935547, 20.369117736816406, 19.58730125427246, 20.060636520385742, 20.255416870117188, 19.558015823364258, 19.349782943725586, 17.842519760131836, 18.28083610534668, 20.300512313842773, 16.154525756835938, 17.35508918762207, 18.892831802368164, 17.662052154541016, 17.552814483642578, 17.562936782836914, 18.448841094970703, 17.055654525756836, 17.319486618041992, 16.117218017578125, 15.681160926818848, 16.090591430664062, 15.857346534729004, 16.5078125, 17.03628921508789, 15.85584831237793, 17.97760772705078, 16.05733299255371, 16.303028106689453, 16.999011993408203, 16.631824493408203, 17.009151458740234, 16.29607582092285, 15.003873825073242, 15.08103084564209, 15.113935470581055, 15.219903945922852, 15.718037605285645, 15.204607009887695, 15.327435493469238, 16.30574607849121, 13.904047966003418, 14.990220069885254, 14.721402168273926, 14.15626335144043, 15.790624618530273, 14.717037200927734, 13.598976135253906, 14.483819961547852, 13.31474494934082, 14.243367195129395, 13.908928871154785, 12.952359199523926, 13.74109172821045, 14.054595947265625, 14.057458877563477, 13.549580574035645, 12.904704093933105, 14.783455848693848, 13.115078926086426, 12.289402961730957, 12.337873458862305, 13.253082275390625, 12.307930946350098, 13.802663803100586, 12.093679428100586, 13.546825408935547, 13.288960456848145, 11.911642074584961, 12.279647827148438, 11.531415939331055, 12.848475456237793, 11.76228141784668, 12.95115852355957, 11.987746238708496, 11.741275787353516, 12.038251876831055, 11.517497062683105, 12.65345573425293, 11.355246543884277, 12.11945629119873, 11.328985214233398, 11.478094100952148, 11.051521301269531, 11.597169876098633, 11.97838020324707, 12.047285079956055, 12.301737785339355, 11.126546859741211, 11.768414497375488, 11.828651428222656, 11.959637641906738, 12.012134552001953, 11.815189361572266, 10.635885238647461, 11.398265838623047, 12.535672187805176, 12.034109115600586, 11.087658882141113, 11.990344047546387, 11.616560935974121, 11.44035530090332, 13.379082679748535, 11.634529113769531, 11.181859970092773, 11.179019927978516, 10.416889190673828, 10.18412971496582, 11.116278648376465, 11.320544242858887, 12.016451835632324, 10.890944480895996, 11.086170196533203, 11.81998348236084, 10.874699592590332, 11.718452453613281, 10.448200225830078, 10.816234588623047, 11.069171905517578, 10.718059539794922, 10.994901657104492, 11.91855525970459, 11.760684967041016, 10.604220390319824, 10.723464965820312, 10.77436351776123, 11.129799842834473, 10.539141654968262, 10.820202827453613, 10.253738403320312, 10.169713020324707, 10.461393356323242, 9.85512924194336, 10.480979919433594, 10.603100776672363, 10.93873405456543, 10.154903411865234, 10.182036399841309, 10.207831382751465]}