{"hyper_parameters": {"batch_size": 512, "hidden_dim": 128, "step_size": 1e-05, "evaluation_samples": 1024, "rounds": 30000, "K": 10, "dataset_name": "mnist", "cuda_core": 1}, "loss_log": [1833.760986328125, 40.75262451171875, 29.274517059326172, 17.351255416870117, 19.792760848999023, 15.454304695129395, 15.940977096557617, 14.569038391113281, 15.681173324584961, 14.39509391784668, 15.485701560974121, 12.380866050720215, 16.507259368896484, 13.27203369140625, 13.519970893859863, 11.337319374084473, 15.112639427185059, 11.765531539916992, 10.085989952087402, 15.593496322631836, 12.24089241027832, 20.194087982177734, 13.74351692199707, 11.299266815185547, 12.975250244140625, 16.93166732788086, 13.544788360595703, 11.36755657196045, 11.114978790283203, 13.005033493041992, 14.752857208251953, 10.358983039855957, 16.75201988220215, 10.631400108337402, 12.690906524658203, 10.382526397705078, 14.686921119689941, 12.356039047241211, 12.913728713989258, 12.765109062194824, 14.060297012329102, 15.960779190063477, 13.269722938537598, 14.159528732299805, 11.747832298278809, 13.948089599609375, 13.77338981628418, 15.619956970214844, 11.443824768066406, 12.471796035766602, 10.436422348022461, 11.944416999816895, 15.902536392211914, 12.982491493225098, 11.840749740600586, 15.107263565063477, 11.803925514221191, 15.085874557495117, 15.530961990356445, 10.974737167358398, 13.709300994873047, 11.766265869140625, 9.512784957885742, 18.715431213378906, 12.035340309143066, 18.126155853271484, 13.58048152923584, 15.558807373046875, 14.98037338256836, 12.001815795898438, 12.584644317626953, 14.020501136779785, 12.497013092041016, 14.820180892944336, 14.701135635375977, 12.261519432067871, 10.000617980957031, 12.41756820678711, 13.725555419921875, 9.862066268920898, 13.572441101074219, 10.768869400024414, 13.615856170654297, 10.036870956420898, 11.823418617248535, 13.475213050842285, 15.088382720947266, 9.904973030090332, 11.523101806640625, 11.641318321228027, 10.305509567260742, 13.434353828430176, 12.771628379821777, 13.900341033935547, 12.60031509399414, 10.649852752685547, 11.315108299255371, 10.569491386413574, 12.266870498657227, 14.654176712036133, 9.591156959533691, 9.924315452575684, 9.899150848388672, 12.19559097290039, 12.450471878051758, 9.494508743286133, 13.191681861877441, 10.340083122253418, 10.326634407043457, 9.379364013671875, 12.511930465698242, 14.829977989196777, 10.38792610168457, 9.943511962890625, 11.527161598205566, 12.328754425048828, 11.917762756347656, 13.038759231567383, 9.6492280960083, 9.31655502319336, 8.008578300476074, 8.182449340820312, 9.859733581542969, 10.054472923278809, 9.234838485717773, 12.299787521362305, 11.578561782836914, 9.734169006347656, 15.149770736694336, 10.141919136047363, 12.663726806640625, 8.33841609954834, 10.491453170776367, 11.544458389282227, 12.393930435180664, 10.7413969039917, 13.316947937011719, 12.85566520690918, 8.815681457519531, 11.1256685256958, 13.292631149291992, 8.745588302612305, 10.158565521240234, 12.58991527557373, 11.271190643310547, 10.602620124816895, 11.47532844543457, 9.115592956542969, 10.502358436584473, 13.009223937988281, 11.634207725524902]}