{"hyper_parameters": {"batch_size": 512, "hidden_dim": 128, "step_size": 1e-06, "evaluation_samples": 1024, "rounds": 20000, "K": 2, "dataset_name": "cifar10", "cuda_core": 3}, "loss_log": [1617.837158203125, 1488.8167724609375, 1483.042724609375, 1401.3056640625, 1360.1932373046875, 1402.496337890625, 1304.016845703125, 1494.05908203125, 1348.4576416015625, 1301.955810546875, 1378.756591796875, 1173.4215087890625, 999.7875366210938, 918.7860717773438, 699.3179931640625, 582.0340576171875, 502.39630126953125, 489.8035888671875, 451.19378662109375, 457.48272705078125, 610.9520874023438, 523.2276611328125, 496.15960693359375, 537.0751953125, 615.442626953125, 473.86358642578125, 515.303466796875, 577.3436279296875, 716.9358520507812, 608.1065673828125, 638.0439453125, 732.5305786132812, 799.4188842773438, 807.34619140625, 664.0189819335938, 682.0694580078125, 852.6331176757812, 764.8706665039062, 723.587646484375, 729.639404296875, 724.7736206054688, 949.001708984375, 766.7020874023438, 886.3917236328125, 806.8906860351562, 734.0068359375, 895.93896484375, 647.7192993164062, 782.0233154296875, 763.1708984375, 708.3909301757812]}