{"hyper_parameters": {"batch_size": 512, "hidden_dim": 128, "step_size": 1e-06, "evaluation_samples": 1024, "rounds": 20000, "K": 2, "dataset_name": "svhn", "cuda_core": 3}, "loss_log": [1485.250244140625, 1398.5362548828125, 1379.4111328125, 1362.781494140625, 1396.580810546875, 1386.393310546875, 1437.591064453125, 1414.3638916015625, 1336.381103515625, 1377.07421875, 1434.455810546875, 1378.5816650390625, 1345.190185546875, 1367.1087646484375, 1260.97998046875, 1187.588134765625, 1065.4541015625, 881.0260009765625, 711.4759521484375, 700.072998046875, 694.8197021484375, 722.0765380859375, 721.0739135742188, 784.13916015625, 747.437255859375, 738.9945678710938, 768.3489379882812, 859.3624267578125, 851.442138671875, 791.2384033203125, 636.8975830078125, 692.725830078125, 802.4063110351562, 800.6568603515625, 806.2931518554688, 735.84619140625, 656.8336181640625, 581.06298828125, 642.3455810546875, 704.1760864257812, 627.9645385742188, 526.8961181640625, 633.3023071289062, 635.2119750976562, 765.623779296875, 637.0457153320312, 628.5524291992188, 538.704833984375, 562.06787109375, 613.35546875, 687.23828125, 522.6822509765625, 486.199951171875, 539.3446044921875, 583.2235107421875, 511.57061767578125, 431.5885314941406, 433.8114013671875, 519.6609497070312, 592.0240478515625, 516.8037109375, 491.0438537597656, 509.17779541015625, 444.6983642578125, 532.9769287109375, 474.33966064453125, 417.65203857421875, 369.265625, 681.9124755859375, 608.9171142578125, 405.06585693359375, 688.0482177734375, 403.29156494140625, 441.0970764160156, 567.9047241210938, 451.0683898925781, 558.9874877929688, 463.03094482421875, 367.0660705566406, 575.8905639648438, 594.6134033203125, 557.9583740234375, 450.74560546875, 488.0635681152344, 354.04388427734375, 506.70379638671875, 422.4666748046875, 475.30963134765625, 521.1761474609375, 433.2032470703125, 453.5283203125, 426.7601318359375, 467.1083679199219, 413.3885192871094, 543.0188598632812, 400.9073486328125, 334.24420166015625, 369.56396484375, 317.7174072265625, 310.16107177734375, 330.14544677734375]}