{"hyper_parameters": {"batch_size": 512, "hidden_dim": 128, "step_size": 1e-06, "evaluation_samples": 1024, "rounds": 20000, "K": 3, "dataset_name": "svhn", "cuda_core": 4}, "loss_log": [1642.482666015625, 1602.65087890625, 1469.854736328125, 1413.96435546875, 1422.933349609375, 1509.97314453125, 1566.693115234375, 1426.995849609375, 1483.73388671875, 1434.475341796875, 1405.3260498046875, 1504.414794921875, 1278.570556640625, 1421.29736328125, 1455.985595703125, 1450.01708984375, 1455.875244140625, 1377.30615234375, 1427.356201171875, 1286.1072998046875, 1128.4656982421875, 919.0101318359375, 786.9931640625, 734.4268798828125, 833.8990478515625, 836.2027587890625, 793.5978393554688, 829.6664428710938, 863.0947265625, 755.4190673828125, 774.4354248046875, 690.9293823242188, 704.1376342773438, 672.598388671875, 734.8583984375, 648.492919921875, 671.3788452148438, 700.5133056640625, 664.5885620117188, 638.5308837890625, 529.0772705078125, 596.6846313476562, 634.4765625, 593.103759765625, 582.6177978515625, 579.7913818359375, 592.37109375, 486.38470458984375, 498.821044921875, 569.83447265625, 545.7076416015625, 457.650146484375, 498.87054443359375, 514.6716918945312, 544.01318359375, 384.6278076171875, 553.122802734375, 453.5452880859375, 478.3161926269531, 473.2321472167969, 509.58612060546875, 336.2765808105469, 391.5686950683594, 429.8779296875, 426.9441223144531, 375.8218078613281, 411.1609191894531, 408.7348327636719, 439.575439453125, 497.51708984375, 446.905517578125, 434.742919921875, 352.39288330078125, 470.94873046875, 366.9388732910156, 434.29962158203125, 400.0214538574219, 494.92559814453125, 423.01019287109375, 532.6885375976562, 422.9833984375, 396.1114501953125, 372.9134216308594, 346.4136047363281, 346.552490234375, 337.2168884277344, 321.6369323730469, 304.0416259765625, 371.232666015625, 323.60150146484375, 347.7787780761719, 343.3288879394531, 359.86334228515625, 366.6443176269531, 362.8207092285156, 362.263671875, 344.6675720214844, 354.460205078125, 373.51458740234375, 383.6661682128906, 377.2960205078125]}