{"hyper_parameters": {"batch_size": 512, "hidden_dim": 128, "step_size": 1e-06, "evaluation_samples": 1024, "rounds": 20000, "K": 3, "dataset_name": "cifar10", "cuda_core": 4}, "loss_log": [1442.2166748046875, 1421.144775390625, 1436.84912109375, 1492.6436767578125, 1517.4326171875, 1455.8544921875, 1180.58642578125, 1026.7562255859375, 594.7117919921875, 548.4157104492188, 444.1470642089844, 451.3397216796875, 454.2983093261719, 454.4244384765625, 559.1819458007812, 595.0047607421875, 440.71331787109375, 536.22265625, 478.92474365234375, 644.884765625, 593.296875, 684.24609375, 754.516845703125, 757.5592651367188, 818.0748291015625, 944.58837890625, 858.91796875, 853.2280883789062, 908.1481323242188, 673.69775390625, 643.5147705078125, 732.7537231445312, 788.0631103515625, 795.5226440429688, 721.373046875, 696.3405151367188, 738.140380859375, 676.7088623046875, 717.4319458007812, 590.9246826171875, 526.2843017578125, 534.020751953125, 568.6858520507812, 551.02734375, 535.3115844726562, 443.86505126953125, 491.2236328125, 439.006103515625, 423.5901794433594, 392.185302734375, 435.5306396484375]}