{"hyper_parameters": {"batch_size": 512, "hidden_dim": 128, "step_size": 1e-05, "evaluation_samples": 1024, "rounds": 20000, "K": 10, "dataset_name": "svhn", "cuda_core": 1}, "loss_log": [1479.59423828125, 1255.567626953125, 533.86181640625, 426.8934020996094, 420.20172119140625, 374.91796875, 392.82232666015625, 350.58056640625, 267.27032470703125, 271.058349609375, 249.27871704101562, 233.87188720703125, 233.16879272460938, 256.9322814941406, 267.8846435546875, 258.2705383300781, 260.6754150390625, 308.7183532714844, 234.76361083984375, 277.3221435546875, 242.43389892578125, 235.33319091796875, 222.3643798828125, 223.70260620117188, 281.8719177246094, 199.8317413330078, 203.717529296875, 226.81192016601562, 168.5260009765625, 226.84750366210938, 246.01837158203125, 254.46029663085938, 189.5227508544922, 211.51768493652344, 179.80984497070312, 171.2017822265625, 220.63375854492188, 204.13180541992188, 217.5718994140625, 202.6632080078125, 283.868408203125, 211.85800170898438, 183.87216186523438, 239.2635040283203, 184.7640380859375, 161.98477172851562, 225.15975952148438, 199.06759643554688, 152.42489624023438, 149.09657287597656, 155.55419921875, 201.20391845703125, 220.11965942382812, 183.3546600341797, 150.73861694335938, 256.35845947265625, 215.51934814453125, 222.77975463867188, 137.16387939453125, 170.24920654296875, 189.27651977539062, 158.15127563476562, 150.96009826660156, 162.1201934814453, 227.91673278808594, 161.4897918701172, 166.38113403320312, 187.28321838378906, 158.98086547851562, 161.86952209472656, 175.4085693359375, 135.211669921875, 189.30679321289062, 126.77784729003906, 163.96920776367188, 115.70606231689453, 175.3656005859375, 184.51939392089844, 175.87733459472656, 211.58917236328125, 169.59622192382812, 118.52338409423828, 164.39678955078125, 147.01385498046875, 160.66787719726562, 141.6090545654297, 185.53216552734375, 109.14517211914062, 182.0568389892578, 125.69718933105469, 195.85183715820312, 138.9141082763672, 170.52774047851562, 202.9993896484375, 116.65836334228516, 143.06565856933594, 158.68817138671875, 151.09710693359375, 131.14109802246094, 152.30447387695312, 136.4757080078125]}