{"hyper_parameters": {"batch_size": 512, "hidden_dim": 128, "step_size": 1e-05, "evaluation_samples": 256, "rounds": 50000, "K": 3, "dataset_name": "svhn", "cuda_core": 7}, "loss_log": [1612.31298828125, 1538.5634765625, 1546.234130859375, 1136.327880859375, 998.378662109375, 1001.9891967773438, 925.7305908203125, 1001.9598388671875, 1300.249267578125, 925.397705078125, 1306.293212890625, 1084.658203125, 805.3638916015625, 890.4132080078125, 956.6793212890625, 1007.5428466796875, 1371.74072265625, 1157.043701171875, 1563.0048828125, 864.9546508789062, 1041.009765625, 1398.259033203125, 969.2975463867188, 669.9357299804688, 669.5988159179688, 725.2913818359375, 745.948974609375, 610.7261962890625, 558.1359252929688, 442.94268798828125, 444.3990173339844, 632.2274169921875, 482.2479248046875, 526.8133544921875, 465.59210205078125, 590.1519165039062, 472.4193115234375, 432.9213562011719, 420.01080322265625, 363.048583984375, 411.72308349609375, 400.545166015625, 437.43438720703125, 401.3917541503906, 403.16961669921875, 328.6777648925781, 336.3102111816406, 512.3787841796875, 318.9970397949219, 408.06463623046875, 321.555908203125, 346.69842529296875, 298.531005859375, 326.99114990234375, 335.47161865234375, 300.0224609375, 357.080078125, 403.7575988769531, 289.7144775390625, 326.1811218261719, 354.1583557128906, 219.75494384765625, 314.0824279785156, 262.3821716308594, 216.96649169921875, 252.0274658203125, 310.1935119628906, 205.54647827148438, 276.45013427734375, 271.9085693359375, 266.866943359375, 281.5191955566406, 265.0838928222656, 246.24649047851562, 316.9669189453125, 198.6502685546875, 194.39503479003906, 249.57957458496094, 307.6568298339844, 301.5526428222656, 268.0435791015625, 215.80471801757812, 245.62034606933594, 238.60516357421875, 212.55751037597656, 223.3321075439453, 261.9736022949219, 245.92559814453125, 287.516845703125, 300.8448486328125, 261.6937561035156, 239.78558349609375, 266.72503662109375, 263.3628234863281, 226.3802032470703, 293.4408874511719, 146.79904174804688, 168.26609802246094, 267.7835998535156, 169.88185119628906, 257.4454345703125, 199.46253967285156, 246.7495880126953, 209.96417236328125, 237.773193359375, 238.42388916015625, 171.7655029296875, 193.65216064453125, 232.21136474609375, 177.42205810546875, 198.88954162597656, 296.56280517578125, 244.16014099121094, 238.84140014648438, 225.68704223632812, 182.94430541992188, 237.66998291015625, 222.5701446533203, 227.51559448242188, 213.101318359375, 226.88250732421875, 251.3634033203125, 236.56570434570312, 226.20367431640625, 217.62576293945312, 211.37049865722656, 206.5698699951172, 220.56695556640625, 218.35140991210938, 195.03826904296875, 211.7091827392578, 208.1233367919922, 190.04232788085938, 231.20529174804688, 219.10784912109375, 211.59071350097656, 209.61489868164062, 203.84841918945312, 229.68934631347656, 217.79617309570312, 188.3396759033203, 200.80865478515625, 237.12408447265625, 251.2516632080078, 181.58523559570312, 216.69888305664062, 198.62844848632812, 251.078857421875, 199.01780700683594, 205.2460174560547, 181.0972442626953, 192.25299072265625, 151.57481384277344, 166.69448852539062, 190.3953094482422, 179.2137451171875, 157.56875610351562, 241.05438232421875, 187.42193603515625, 160.8724365234375, 223.16766357421875, 192.4801483154297, 165.70323181152344, 177.76976013183594, 187.42381286621094, 162.00811767578125, 146.04566955566406, 192.87481689453125, 219.05233764648438, 165.89622497558594, 178.24728393554688, 185.63311767578125, 154.98756408691406, 209.105712890625, 181.98704528808594, 160.50900268554688, 183.44332885742188, 165.6431121826172, 195.828369140625, 209.80831909179688, 192.98898315429688, 209.8061065673828, 222.74923706054688, 166.9290008544922, 145.05213928222656, 151.37368774414062, 131.57192993164062, 234.88201904296875, 180.84805297851562, 185.64166259765625, 147.3707275390625, 152.77261352539062, 178.56028747558594, 175.59584045410156, 275.3374938964844, 203.88746643066406, 192.60060119628906, 158.1276397705078, 149.4298553466797, 177.0112762451172, 160.29049682617188, 154.90145874023438, 179.25006103515625, 156.88632202148438, 137.4718475341797, 163.9309539794922, 174.0664520263672, 167.46682739257812, 182.97666931152344, 169.4478302001953, 169.30369567871094, 140.87826538085938, 192.08917236328125, 180.56295776367188, 149.14453125, 175.95883178710938, 153.7430877685547, 191.24819946289062, 159.81185913085938, 173.50660705566406, 184.0155029296875, 142.52911376953125, 148.49305725097656, 149.39405822753906, 165.03111267089844, 147.8179931640625, 142.74134826660156, 139.82904052734375, 187.77053833007812, 192.21266174316406, 159.3223876953125, 185.56565856933594, 186.8328399658203, 152.5699462890625, 131.4080047607422, 180.89434814453125, 140.01942443847656, 147.3170166015625, 151.11553955078125, 153.0371551513672, 159.20037841796875, 166.5892333984375, 134.76112365722656, 222.1588134765625, 157.17367553710938, 152.61373901367188, 185.09617614746094, 140.7933807373047, 149.3037109375, 154.738037109375, 176.81048583984375]}