{"hyper_parameters": {"batch_size": 512, "hidden_dim": 128, "step_size": 1e-05, "evaluation_samples": 1024, "rounds": 20000, "K": 3, "dataset_name": "cifar10", "cuda_core": 7}, "loss_log": [1549.45166015625, 1156.943359375, 417.50494384765625, 587.8958129882812, 436.79473876953125, 332.5653076171875, 468.187744140625, 482.24432373046875, 381.2447509765625, 279.6612548828125, 270.68902587890625, 239.919921875, 210.94613647460938, 214.66552734375, 261.84912109375, 263.312744140625, 259.47137451171875, 230.4456024169922, 235.68072509765625, 214.39967346191406, 208.7447509765625, 204.91769409179688, 191.29624938964844, 195.4297637939453, 177.83644104003906, 185.40621948242188, 174.9024658203125, 185.55075073242188, 164.60983276367188, 168.91552734375, 140.663330078125, 149.58786010742188, 160.2663116455078, 161.19601440429688, 149.8561248779297, 158.8690948486328, 144.1889190673828, 162.33551025390625, 170.25540161132812, 142.378173828125, 152.12799072265625, 129.75196838378906, 132.9617156982422, 131.8772735595703, 137.38815307617188, 119.79368591308594, 141.7908477783203, 141.50997924804688, 146.73202514648438, 149.63021850585938, 147.96136474609375]}