{"hyper_parameters": {"batch_size": 512, "hidden_dim": 128, "step_size": 1e-06, "evaluation_samples": 1024, "rounds": 20000, "K": 10, "dataset_name": "cifar10", "cuda_core": 6}, "loss_log": [1670.9736328125, 1516.8935546875, 1219.978271484375, 517.5210571289062, 429.0028991699219, 461.337158203125, 575.607421875, 708.46875, 556.9933471679688, 772.7828979492188, 654.4109497070312, 683.626220703125, 764.5465087890625, 629.4080200195312, 574.1795043945312, 448.5802001953125, 526.7647705078125, 425.5431823730469, 424.6952209472656, 359.80108642578125, 324.0532531738281, 387.03973388671875, 323.886474609375, 311.6756286621094, 311.8499755859375, 275.81707763671875, 276.7043151855469, 267.8282775878906, 264.69512939453125, 272.57489013671875, 234.70654296875, 242.7880859375, 259.1083984375, 280.6734924316406, 237.6425323486328, 243.0980224609375, 235.12469482421875, 266.8331298828125, 225.4280242919922, 269.68646240234375, 254.754150390625, 231.11077880859375, 203.57736206054688, 221.2164306640625, 219.41477966308594, 200.8924102783203, 203.7138214111328, 212.2803955078125, 173.6632080078125, 207.59521484375, 208.61669921875]}