{"hyper_parameters": {"batch_size": 512, "hidden_dim": 128, "step_size": 1e-06, "evaluation_samples": 1024, "rounds": 30000, "K": 1, "dataset_name": "mnist", "cuda_core": 2}, "loss_log": [1950.6787109375, 1905.1041259765625, 1871.98388671875, 1921.1002197265625, 1843.1236572265625, 1720.56201171875, 1660.15478515625, 1679.6976318359375, 1728.5440673828125, 1751.8726806640625, 1759.9583740234375, 1795.8553466796875, 1820.3702392578125, 1784.9267578125, 1765.4302978515625, 1786.556396484375, 1795.343017578125, 1829.4298095703125, 1832.157958984375, 1856.8642578125, 1867.5372314453125, 1854.45751953125, 1839.83935546875, 1774.3216552734375, 1744.891845703125, 1740.6317138671875, 1706.5047607421875, 1711.884765625, 1725.9083251953125, 1716.275634765625, 1689.2093505859375, 1704.2100830078125, 1743.6072998046875, 1802.7689208984375, 1786.179931640625, 1856.227294921875, 1909.13134765625, 1845.87353515625, 1795.400390625, 1807.621826171875, 1791.7769775390625, 1814.6483154296875, 1825.37890625, 1835.6395263671875, 1765.146728515625, 1792.2939453125, 1815.59326171875, 1865.0430908203125, 1851.61865234375, 1808.92333984375, 1792.26953125, 1774.7802734375, 1750.848876953125, 1772.8656005859375, 1749.14208984375, 1748.7413330078125, 1727.1168212890625, 1745.973388671875, 1748.1165771484375, 1754.6602783203125, 1786.1639404296875, 1795.7451171875, 1800.876220703125, 1759.7733154296875, 1785.1417236328125, 1871.85302734375, 1797.2943115234375, 1932.651123046875, 1976.2230224609375, 1979.600830078125, 1977.622802734375, 1938.4727783203125, 1830.310791015625, 1761.4320068359375, 1864.77685546875, 1933.58544921875, 1853.9149169921875, 1679.664794921875, 1767.2255859375, 1734.57373046875, 1797.5771484375, 1980.2894287109375, 1994.648193359375, 1898.7203369140625, 1748.0859375, 1698.357421875, 1703.266357421875, 1782.421142578125, 1759.846435546875, 1802.8851318359375, 1431.676025390625, 1230.1744384765625, 1374.5382080078125, 1082.68994140625, 1198.447509765625, 1380.0521240234375, 1600.7015380859375, 1733.114013671875, 1712.90869140625, 1668.533447265625, 1653.282470703125, 1567.672119140625, 1544.2080078125, 1542.42578125, 1555.681640625, 1543.42236328125, 1550.0821533203125, 1614.9998779296875, 1686.7960205078125, 1715.674072265625, 1730.837890625, 1732.136962890625, 1698.564453125, 1746.1275634765625, 1750.1954345703125, 1764.858154296875, 1660.9959716796875, 1352.48095703125, 1215.3609619140625, 1190.8775634765625, 1197.2353515625, 1131.6868896484375, 1024.072265625, 1042.4483642578125, 1085.348876953125, 1105.8580322265625, 1105.9140625, 1134.0469970703125, 1211.40869140625, 1340.966064453125, 1395.4661865234375, 1438.2325439453125, 1462.83642578125, 1492.720458984375, 1499.51220703125, 1574.7493896484375, 1729.679931640625, 1757.596435546875, 1793.4686279296875, 1824.412109375, 1785.33349609375, 1791.278564453125, 1815.194580078125, 1870.68408203125, 1911.2178955078125, 1919.3126220703125, 1941.2919921875, 1947.0072021484375, 1897.616943359375, 1860.5799560546875, 1808.4754638671875]}