{"hyper_parameters": {"batch_size": 512, "hidden_dim": 128, "step_size": 1e-05, "evaluation_samples": 1024, "rounds": 20000, "K": 5, "dataset_name": "svhn", "cuda_core": 0}, "loss_log": [1510.321533203125, 1457.169677734375, 757.5819091796875, 649.95654296875, 444.6966552734375, 404.4305725097656, 421.8321533203125, 327.266845703125, 348.6002502441406, 264.3622741699219, 325.42572021484375, 252.21835327148438, 295.2421569824219, 242.471923828125, 244.52639770507812, 323.0025939941406, 329.87506103515625, 282.2867126464844, 240.00009155273438, 250.82522583007812, 213.35818481445312, 248.59457397460938, 262.3740539550781, 266.99530029296875, 197.09698486328125, 250.1558837890625, 249.43939208984375, 206.484375, 237.11111450195312, 198.57452392578125, 240.26693725585938, 203.45895385742188, 288.27276611328125, 235.7080078125, 302.7188415527344, 216.5493621826172, 261.14013671875, 217.8566436767578, 230.22633361816406, 211.45306396484375, 239.1011505126953, 232.1732177734375, 193.58416748046875, 239.25668334960938, 223.6714324951172, 219.1871337890625, 192.36624145507812, 224.71649169921875, 221.6338653564453, 219.4267578125, 195.7008056640625, 225.75469970703125, 226.43630981445312, 252.2435760498047, 280.13348388671875, 243.41432189941406, 183.02093505859375, 166.6812744140625, 200.77810668945312, 295.92816162109375, 211.15025329589844, 169.12631225585938, 214.71804809570312, 182.28939819335938, 195.34823608398438, 221.4001007080078, 211.07937622070312, 161.34654235839844, 189.88092041015625, 185.41500854492188, 186.3946990966797, 208.78329467773438, 152.0308380126953, 184.77783203125, 188.18453979492188, 184.79605102539062, 183.43130493164062, 183.36766052246094, 216.34585571289062, 187.7330322265625, 165.41473388671875, 224.77084350585938, 165.83999633789062, 183.6569366455078, 189.35011291503906, 200.45530700683594, 148.32569885253906, 167.8144989013672, 188.09432983398438, 179.60638427734375, 179.42311096191406, 175.0151824951172, 172.2808837890625, 163.26092529296875, 158.1708984375, 163.00009155273438, 165.9800567626953, 182.78289794921875, 138.7623291015625, 189.9896697998047, 128.63433837890625]}