{"hyper_parameters": {"batch_size": 512, "hidden_dim": 128, "step_size": 1e-05, "evaluation_samples": 256, "rounds": 50000, "K": 3, "dataset_name": "svhn", "cuda_core": 7}, "loss_log": [1570.9970703125, 1486.2430419921875, 1345.8017578125, 1648.435546875, 594.6622314453125, 963.948974609375, 656.29638671875, 546.5053100585938, 475.80218505859375, 338.74908447265625, 356.21038818359375, 575.495849609375, 411.1651611328125, 354.4234619140625, 342.31292724609375, 419.78143310546875, 373.12103271484375, 388.1917419433594, 332.7568359375, 315.65179443359375, 283.20355224609375, 367.98956298828125, 333.5935363769531, 292.1536560058594, 257.5282897949219, 316.08392333984375, 311.26007080078125, 324.970947265625, 294.7333068847656, 335.53985595703125, 311.832763671875, 336.05438232421875, 318.1234436035156, 260.0784912109375, 278.45330810546875, 311.67828369140625, 324.984130859375, 363.2080078125, 328.14544677734375, 312.97894287109375, 255.57748413085938, 258.892822265625, 276.84521484375, 278.3520202636719, 271.0663146972656, 257.4559326171875, 307.5694274902344, 309.83538818359375, 241.062744140625, 322.7992248535156, 253.25997924804688, 269.5727844238281, 318.9849853515625, 281.4233093261719, 295.619140625, 309.28497314453125, 282.4620056152344, 292.06158447265625, 281.3208923339844, 265.7742919921875, 309.53558349609375, 307.98919677734375, 291.191650390625, 279.42340087890625, 294.080322265625, 302.26873779296875, 336.78125, 261.2308349609375, 280.549560546875, 308.52288818359375, 273.080322265625, 321.0125427246094, 293.4649353027344, 278.91253662109375, 275.90008544921875, 283.2533874511719, 258.68585205078125, 272.9346008300781, 251.5335693359375, 248.761962890625, 246.90386962890625, 295.77215576171875, 337.4732666015625, 287.81182861328125, 276.33587646484375, 316.94915771484375, 291.9268798828125, 323.5426025390625, 284.0307922363281, 260.7043762207031, 272.3941345214844, 254.67205810546875, 231.94444274902344, 291.16363525390625, 249.59228515625, 253.66856384277344, 223.95285034179688, 256.61773681640625, 292.479248046875, 299.318115234375, 275.3678283691406, 293.85223388671875, 257.16107177734375, 227.76785278320312, 243.41928100585938, 263.0630798339844, 301.75946044921875, 265.0796203613281, 279.69464111328125, 280.3033447265625, 308.7359313964844, 281.31591796875, 253.5849151611328, 320.4422607421875, 317.89093017578125, 291.6739501953125, 233.24435424804688, 252.18890380859375, 285.9979553222656, 329.78326416015625, 287.5111083984375, 253.56666564941406, 257.88946533203125, 244.17959594726562, 260.5458984375, 308.63983154296875, 279.06939697265625, 272.1221923828125, 291.8061828613281, 254.77960205078125, 292.45684814453125, 349.77288818359375, 214.211669921875, 245.09449768066406, 247.25210571289062, 231.9510955810547, 281.08221435546875, 258.8533020019531, 258.1579284667969, 245.3955535888672, 261.5491638183594, 211.53103637695312, 293.772705078125, 300.70135498046875, 211.51882934570312, 251.61770629882812, 232.6793975830078, 253.94296264648438, 304.412109375, 307.18878173828125, 276.6237487792969, 239.24391174316406, 287.30596923828125, 249.34580993652344, 253.58197021484375, 241.45669555664062, 293.8310852050781, 217.06338500976562, 277.2513427734375, 235.35235595703125, 248.00692749023438, 219.3944091796875, 283.98956298828125, 278.2082824707031, 240.60025024414062, 280.2152099609375, 206.41163635253906, 295.8039855957031, 204.11294555664062, 232.5296173095703, 220.60400390625, 212.46173095703125, 184.92112731933594, 292.6986083984375, 238.9442138671875, 287.4967041015625, 366.5946044921875, 279.0606384277344, 260.059814453125, 293.9745178222656, 247.62469482421875, 246.83224487304688, 284.5560607910156, 241.9851837158203, 225.19422912597656, 222.34349060058594, 268.3174133300781, 256.26495361328125, 232.56292724609375, 259.7067565917969, 272.9004821777344, 220.75250244140625, 200.39556884765625, 217.125, 248.70657348632812, 228.69882202148438, 301.8961181640625, 259.01141357421875, 255.54852294921875, 251.6692657470703, 232.96046447753906, 307.55462646484375, 255.67190551757812, 284.3850402832031, 266.6770324707031, 220.6832275390625, 267.579833984375, 234.87005615234375, 289.4842529296875, 245.4549560546875, 234.80670166015625, 246.2285919189453, 242.756103515625, 259.966796875, 259.2607727050781, 209.00076293945312, 217.393310546875, 244.34576416015625, 205.00962829589844, 209.69342041015625, 224.407470703125, 237.22708129882812, 258.76617431640625, 306.5685119628906, 286.63189697265625, 279.86773681640625, 260.50653076171875, 232.00009155273438, 210.24935913085938, 257.8681640625, 274.28778076171875, 206.34457397460938, 173.24798583984375, 174.01669311523438, 206.1050567626953, 166.44822692871094, 181.06234741210938, 207.46559143066406, 211.2606658935547, 218.22119140625, 237.43209838867188, 187.08108520507812, 230.8093719482422, 235.13430786132812, 153.10891723632812, 191.5401153564453, 211.82855224609375, 203.40066528320312, 197.6090545654297, 227.1343536376953, 226.7875213623047]}