{"hyper_parameters": {"batch_size": 512, "hidden_dim": 128, "step_size": 1e-05, "evaluation_samples": 1024, "rounds": 20000, "K": 5, "dataset_name": "cifar10", "cuda_core": 0}, "loss_log": [1679.0406494140625, 856.857421875, 402.98956298828125, 594.64013671875, 417.0279541015625, 460.2242431640625, 292.9321594238281, 307.593017578125, 258.4440612792969, 238.89761352539062, 261.0865783691406, 248.83909606933594, 241.77810668945312, 230.03750610351562, 202.807861328125, 195.58966064453125, 216.28411865234375, 213.20516967773438, 186.9132080078125, 198.0411376953125, 206.66677856445312, 216.16400146484375, 216.57452392578125, 153.39419555664062, 189.1321258544922, 160.57273864746094, 193.82203674316406, 171.39906311035156, 158.15194702148438, 156.93614196777344, 157.15480041503906, 163.53390502929688, 163.91717529296875, 158.48728942871094, 164.6584930419922, 142.22879028320312, 155.74929809570312, 144.3861541748047, 148.8114013671875, 146.6077117919922, 145.17364501953125, 141.67343139648438, 152.86892700195312, 153.03298950195312, 133.7576904296875, 124.43489074707031, 117.92562866210938, 144.19639587402344, 121.3250961303711, 143.92068481445312, 128.4917755126953]}