{"hyper_parameters": {"batch_size": 512, "hidden_dim": 128, "step_size": 1e-05, "evaluation_samples": 1024, "rounds": 30000, "K": 2, "dataset_name": "mnist", "cuda_core": 6}, "loss_log": [1616.6839599609375, 1386.981201171875, 561.3280029296875, 171.3553466796875, 183.97344970703125, 125.10185241699219, 511.7213439941406, 1310.111328125, 356.6907653808594, 170.41346740722656, 480.0801696777344, 1393.61181640625, 1425.19580078125, 1396.857177734375, 278.2320861816406, 207.0542449951172, 906.1134033203125, 102.42220306396484, 77.03933715820312, 38.012264251708984, 30.62295913696289, 27.37417221069336, 19.536449432373047, 19.53691864013672, 18.530317306518555, 18.088115692138672, 17.26276397705078, 14.06620979309082, 12.657825469970703, 12.328009605407715, 11.869733810424805, 11.397247314453125, 12.362601280212402, 10.341204643249512, 10.502931594848633, 11.635847091674805, 10.330281257629395, 10.075736045837402, 10.841917991638184, 10.432623863220215, 9.51949405670166, 9.94174861907959, 10.589157104492188, 9.340890884399414, 9.462119102478027, 9.54515552520752, 10.559785842895508, 9.98514175415039, 9.808697700500488, 10.006396293640137, 8.71026611328125, 9.83499813079834, 9.058233261108398, 9.18600845336914, 8.2244234085083, 9.377601623535156, 9.412586212158203, 9.986801147460938, 8.761136054992676, 8.956058502197266, 9.609235763549805, 8.904500007629395, 9.569926261901855, 9.774130821228027, 9.2023344039917, 8.696815490722656, 7.9794769287109375, 8.324007034301758, 8.397124290466309, 8.559468269348145, 8.994283676147461, 8.315890312194824, 8.571830749511719, 9.248104095458984, 8.80843734741211, 8.482195854187012, 9.07308578491211, 8.708661079406738, 8.759806632995605, 8.411100387573242, 8.53730583190918, 8.728546142578125, 8.046419143676758, 8.869704246520996, 9.687921524047852, 7.92768669128418, 9.05504035949707, 8.699006080627441, 8.90292739868164, 8.794010162353516, 9.604846000671387, 8.264439582824707, 8.078536987304688, 8.196890830993652, 9.010879516601562, 9.500040054321289, 9.227890014648438, 11.122780799865723, 9.850608825683594, 8.750773429870605, 9.00242805480957, 8.937844276428223, 8.635674476623535, 8.159737586975098, 8.908811569213867, 9.895316123962402, 8.825016975402832, 8.237625122070312, 8.821222305297852, 8.800012588500977, 8.370550155639648, 8.847065925598145, 8.965255737304688, 10.415969848632812, 8.254201889038086, 8.771808624267578, 8.561205863952637, 8.548453330993652, 8.790412902832031, 8.099761009216309, 8.980700492858887, 8.400160789489746, 9.051136016845703, 7.761949062347412, 7.99163818359375, 8.60308837890625, 8.340597152709961, 8.600586891174316, 8.263041496276855, 8.688516616821289, 7.941037654876709, 8.7139253616333, 8.148040771484375, 8.814127922058105, 10.522216796875, 7.495126724243164, 8.16028118133545, 9.054122924804688, 7.906874179840088, 8.459041595458984, 9.105813980102539, 8.237071990966797, 9.222953796386719, 8.894612312316895, 7.6409912109375, 8.174409866333008, 7.9058685302734375, 8.133282661437988, 7.502769947052002, 8.654495239257812, 8.269327163696289]}