{"hyper_parameters": {"batch_size": 512, "hidden_dim": 128, "step_size": 1e-05, "evaluation_samples": 256, "rounds": 50000, "K": 2, "dataset_name": "svhn", "cuda_core": 6}, "loss_log": [1538.4237060546875, 1606.0435791015625, 1612.379638671875, 1418.239013671875, 1475.33349609375, 1430.8934326171875, 1400.9434814453125, 1005.280029296875, 1292.740234375, 1023.4371337890625, 901.1287841796875, 1207.826416015625, 905.6370849609375, 1173.7880859375, 1144.6080322265625, 941.9326782226562, 1065.576904296875, 1168.77685546875, 1005.4902954101562, 992.4583740234375, 1026.766845703125, 995.0919799804688, 1386.5556640625, 1157.681640625, 1146.71533203125, 1231.385009765625, 943.6553955078125, 1171.4404296875, 1368.07568359375, 1315.4669189453125, 639.242431640625, 722.093017578125, 915.8035888671875, 791.10498046875, 604.141357421875, 680.7198486328125, 677.0919189453125, 815.2109985351562, 832.6012573242188, 711.597412109375, 659.5845336914062, 611.484375, 462.03546142578125, 585.0171508789062, 534.6025390625, 380.6659240722656, 545.078369140625, 524.731201171875, 595.7006225585938, 531.9336547851562, 493.4461364746094, 523.218017578125, 470.1236572265625, 342.5931396484375, 505.3570556640625, 363.4497985839844, 371.2388610839844, 615.90478515625, 405.29656982421875, 426.71368408203125, 512.7841186523438, 532.3043212890625, 491.87841796875, 438.99713134765625, 409.371826171875, 475.75408935546875, 339.9023132324219, 380.0108947753906, 435.94512939453125, 469.9976501464844, 426.202392578125, 562.5010375976562, 423.81982421875, 465.10736083984375, 448.0654602050781, 416.295166015625, 415.83935546875, 344.5020446777344, 427.07159423828125, 342.2349853515625, 438.58538818359375, 318.04962158203125, 500.6287536621094, 328.9150390625, 349.37860107421875, 415.3069152832031, 380.9145202636719, 336.8171081542969, 439.90704345703125, 465.2680969238281, 385.7303466796875, 291.8189697265625, 488.0709533691406, 375.78961181640625, 348.04803466796875, 322.7712097167969, 340.95867919921875, 404.65625, 326.5517883300781, 379.8790283203125, 298.2611999511719, 338.0440368652344, 440.85894775390625, 324.1220703125, 302.9751281738281, 330.7936706542969, 266.7095947265625, 405.2722473144531, 261.589111328125, 271.6692199707031, 355.1012268066406, 269.55340576171875, 273.18328857421875, 231.22772216796875, 298.22271728515625, 282.0649108886719, 233.45252990722656, 255.23974609375, 261.7816162109375, 222.34774780273438, 255.86834716796875, 216.83297729492188, 290.39520263671875, 263.95501708984375, 223.04782104492188, 206.25100708007812, 246.2580108642578, 220.63900756835938, 217.04669189453125, 235.88821411132812, 205.68585205078125, 310.435546875, 204.25535583496094, 303.923828125, 241.59030151367188, 213.31993103027344, 209.81497192382812, 235.20285034179688, 267.168701171875, 217.06629943847656, 217.59161376953125, 211.34803771972656, 205.2540740966797, 219.4163055419922, 221.4790496826172, 223.64622497558594, 264.0838623046875, 276.7122497558594, 181.339111328125, 204.17323303222656, 249.99473571777344, 179.34996032714844, 234.12252807617188, 221.58653259277344, 230.732421875, 225.2237091064453, 207.107177734375, 270.16656494140625, 201.89984130859375, 183.1342315673828, 188.5395050048828, 236.2129669189453, 201.7894744873047, 155.54534912109375, 196.88287353515625, 219.96678161621094, 172.22781372070312, 189.92298889160156, 184.84683227539062, 203.9499969482422, 190.39601135253906, 219.22003173828125, 210.37982177734375, 178.77276611328125, 165.64520263671875, 207.9783477783203, 190.30914306640625, 230.28257751464844, 155.75482177734375, 170.08375549316406, 204.11618041992188, 176.14190673828125, 190.23757934570312, 164.5103302001953, 161.44688415527344, 161.17037963867188, 178.65444946289062, 194.66351318359375, 185.17733764648438, 197.05841064453125, 169.99127197265625, 176.6639404296875, 185.2652130126953, 158.99130249023438, 207.91836547851562, 171.73333740234375, 165.27273559570312, 186.46942138671875, 186.48487854003906, 158.73275756835938, 193.9534454345703, 150.1405029296875, 165.47296142578125, 185.8790283203125, 166.99676513671875, 164.912841796875, 165.39657592773438, 149.98001098632812, 159.19757080078125, 142.48146057128906, 189.10189819335938, 150.12625122070312, 175.1398162841797, 184.11148071289062, 156.79110717773438, 177.03713989257812, 158.36187744140625, 194.58811950683594, 185.3184814453125, 150.18617248535156, 153.46112060546875, 155.36061096191406, 180.85450744628906, 158.76568603515625, 176.54078674316406, 182.81716918945312, 202.4622802734375, 170.513427734375, 131.403564453125, 134.38162231445312, 198.997802734375, 141.85195922851562, 189.7970428466797, 163.5051727294922, 142.00205993652344, 129.86904907226562, 178.17898559570312, 169.00027465820312, 242.9149627685547, 142.42584228515625, 167.8720245361328, 176.4312744140625, 138.76202392578125, 177.25804138183594, 146.98443603515625, 196.37185668945312, 163.17095947265625, 129.6415252685547, 181.72317504882812, 132.7831573486328, 143.67208862304688]}